allInPings,assistMePings,assists,baronKills,basicPings,bountyLevel,12AssistStreakCount,abilityUses,acesBefore15Minutes,alliedJungleMonsterKills,baronTakedowns,blastConeOppositeOpponentCount,bountyGold,buffsStolen,completeSupportQuestInTime,controlWardsPlaced,damagePerMinute,damageTakenOnTeamPercentage,dancedWithRiftHerald,deathsByEnemyChamps,dodgeSkillShotsSmallWindow,doubleAces,dragonTakedowns,earlyLaningPhaseGoldExpAdvantage,effectiveHealAndShielding,elderDragonKillsWithOpposingSoul,elderDragonMultikills,enemyChampionImmobilizations,enemyJungleMonsterKills,epicMonsterKillsNearEnemyJungler,epicMonsterKillsWithin30SecondsOfSpawn,epicMonsterSteals,epicMonsterStolenWithoutSmite,firstTurretKilled,firstTurretKilledTime,flawlessAces,fullTeamTakedown,gameLength,getTakedownsInAllLanesEarlyJungleAsLaner,goldPerMinute,hadOpenNexus,immobilizeAndKillWithAlly,initialBuffCount,initialCrabCount,jungleCsBefore10Minutes,junglerTakedownsNearDamagedEpicMonster,kTurretsDestroyedBeforePlatesFall,kda,killAfterHiddenWithAlly,killParticipation,killedChampTookFullTeamDamageSurvived,killingSprees,killsNearEnemyTurret,killsOnOtherLanesEarlyJungleAsLaner,killsOnRecentlyHealedByAramPack,killsUnderOwnTurret,killsWithHelpFromEpicMonster,knockEnemyIntoTeamAndKill,landSkillShotsEarlyGame,laneMinionsFirst10Minutes,laningPhaseGoldExpAdvantage,legendaryCount,legendaryItemUsed,lostAnInhibitor,maxCsAdvantageOnLaneOpponent,maxKillDeficit,maxLevelLeadLaneOpponent,mejaisFullStackInTime,moreEnemyJungleThanOpponent,multiKillOneSpell,multiTurretRiftHeraldCount,multikills,multikillsAfterAggressiveFlash,outerTurretExecutesBefore10Minutes,outnumberedKills,outnumberedNexusKill,perfectDragonSoulsTaken,perfectGame,pickKillWithAlly,playedChampSelectPosition,poroExplosions,quickCleanse,quickFirstTurret,quickSoloKills,riftHeraldTakedowns,saveAllyFromDeath,scuttleCrabKills,skillshotsDodged,skillshotsHit,snowballsHit,soloBaronKills,soloKills,soloTurretsLategame,stealthWardsPlaced,survivedSingleDigitHpCount,survivedThreeImmobilizesInFight,takedownOnFirstTurret,takedowns,takedownsAfterGainingLevelAdvantage,takedownsBeforeJungleMinionSpawn,takedownsFirstXMinutes,takedownsInAlcove,takedownsInEnemyFountain,teamBaronKills,teamDamagePercentage,teamElderDragonKills,teamRiftHeraldKills,tookLargeDamageSurvived,turretPlatesTaken,turretTakedowns,turretsTakenWithRiftHerald,twentyMinionsIn3SecondsCount,twoWardsOneSweeperCount,unseenRecalls,visionScoreAdvantageLaneOpponent,visionScorePerMinute,wardTakedowns,wardTakedownsBefore20M,wardsGuarded,champExperience,champLevel,championId,championName,championTransform,commandPings,consumablesPurchased,damageDealtToBuildings,damageDealtToObjectives,damageDealtToTurrets,damageSelfMitigated,dangerPings,deaths,detectorWardsPlaced,doubleKills,dragonKills,eligibleForProgression,enemyMissingPings,enemyVisionPings,firstBloodAssist,firstBloodKill,firstTowerAssist,firstTowerKill,gameEndedInEarlySurrender,gameEndedInSurrender,getBackPings,goldEarned,goldSpent,holdPings,individualPosition,inhibitorKills,inhibitorTakedowns,inhibitorsLost,item0,item1,item2,item3,item4,item5,item6,itemsPurchased,killingSprees,kills,lane,largestCriticalStrike,largestKillingSpree,largestMultiKill,longestTimeSpentLiving,magicDamageDealt,magicDamageDealtToChampions,magicDamageTaken,needVisionPings,neutralMinionsKilled,nexusKills,nexusLost,nexusTakedowns,objectivesStolen,objectivesStolenAssists,onMyWayPings,participantId,pentaKills,physicalDamageDealt,physicalDamageDealtToChampions,physicalDamageTaken,pushPings,quadraKills,sightWardsBoughtInGame,role,spell1Casts
8,26,9,0,0,7,,,,,,,,,,,,,,,,,,,,,,,,,,,,,,,,,,,,,,,,,,,,,,3,,,,,,,,,,,,,,,,,,,,,,,,,,,,,,,,,,,,,,,,,,,,,,,,,,,,,,,,,,4,,,,,,,,,,19040,18,67,Vayne,0,8,5,8214,31687,8214,14763,0,6,4,2,0,True,19,2,False,False,False,False,False,False,26,16670,14933,0,TOP,0,0,2,1057,3153,3139,3009,3085,3078,3363,26,3,15,TOP,450,7,2,621,9111,1055,8395,41,14,1,0,1,0,0,34,1,0,155915,30281,20864,0,0,0,SOLO,213
0,0,15,2,0,4,,,,,,,,,,,,,,,,,,,,,,,,,,,,,,,,,,,,,,,,,,,,,,1,,,,,,,,,,,,,,,,,,,,,,,,,,,,,,,,,,,,,,,,,,,,,,,,,,,,,,,,,,2,,,,,,,,,,18701,18,154,Zac,0,6,1,587,59145,587,67895,0,3,1,0,3,True,0,4,False,False,False,False,False,False,4,13563,12175,0,JUNGLE,0,0,2,3065,3068,3075,3158,3041,3211,3364,16,1,5,JUNGLE,0,4,1,532,156876,14763,15762,0,177,0,0,1,0,0,0,2,0,31161,1011,29631,0,0,0,NONE,86
0,0,4,0,0,0,,,,,,,,,,,,,,,,,,,,,,,,,,,,,,,,,,,,,,,,,,,,,,0,,,,,,,,,,,,,,,,,,,,,,,,,,,,,,,,,,,,,,,,,,,,,,,,,,,,,,,,,,1,,,,,,,,,,16810,17,517,Sylas,0,3,4,760,6071,760,30685,0,13,2,0,0,True,1,2,False,False,False,False,False,False,1,12114,11800,0,MIDDLE,0,0,2,3157,6657,3158,1058,3100,0,3364,19,0,2,MIDDLE,0,0,1,238,133771,17678,19068,0,4,0,0,0,0,0,16,3,0,12988,2501,29588,0,0,0,SOLO,77
0,1,7,0,0,0,,,,,,,,,,,,,,,,,,,,,,,,,,,,,,,,,,,,,,,,,,,,,,4,,,,,,,,,,,,,,,,,,,,,,,,,,,,,,,,,,,,,,,,,,,,,,,,,,,,,,,,,,5,,,,,,,,,,19078,18,236,Lucian,0,4,3,11529,22843,11529,21358,0,6,0,4,0,True,11,0,False,True,False,False,False,False,2,18974,20280,0,BOTTOM,1,1,2,3026,3508,3036,3111,6675,3094,3363,24,4,17,BOTTOM,729,10,2,906,13469,3347,10660,0,4,0,0,0,0,0,25,4,0,217611,38609,18407,0,0,0,CARRY,98
3,1,14,0,0,1,,,,,,,,,,,,,,,,,,,,,,,,,,,,,,,,,,,,,,,,,,,,,,0,,,,,,,,,,,,,,,,,,,,,,,,,,,,,,,,,,,,,,,,,,,,,,,,,,,,,,,,,,2,,,,,,,,,,11922,14,432,Bard,0,9,14,905,2809,905,34830,0,13,9,0,0,True,3,0,True,False,False,False,False,False,1,9801,8575,0,UTILITY,0,1,2,3111,3877,2055,2504,3110,3067,3364,31,0,1,BOTTOM,0,0,1,316,18626,8599,11845,0,0,0,0,1,0,0,6,5,0,8072,4078,19046,0,0,0,SUPPORT,58
0,7,9,0,0,0,,,,,,,,,,,,,,,,,,,,,,,,,,,,,,,,,,,,,,,,,,,,,,2,,,,,,,,,,,,,,,,,,,,,,,,,,,,,,,,,,,,,,,,,,,,,,,,,,,,,,,,,,4,,,,,,,,,,17055,17,106,Volibear,0,11,7,15804,21893,15804,37127,0,12,0,0,0,True,9,3,False,False,False,False,False,False,0,14155,14193,0,TOP,2,2,1,3051,3748,3078,3181,3009,2021,3340,31,2,4,TOP,0,2,1,265,57400,6014,8685,0,12,0,1,0,0,0,7,6,0,143781,18364,30094,0,0,0,SOLO,66
0,7,13,0,0,0,,,,,,,,,,,,,,,,,,,,,,,,,,,,,,,,,,,,,,,,,,,,,,5,,,,,,,,,,,,,,,,,,,,,,,,,,,,,,,,,,,,,,,,,,,,,,,,,,,,,,,,,,0,,,,,,,,,,16568,17,76,Nidalee,0,3,1,0,24143,0,20256,0,6,1,2,2,True,15,19,False,False,False,False,False,False,21,16109,15225,0,JUNGLE,0,0,1,3089,3020,3100,3041,4645,3165,3364,18,5,16,JUNGLE,0,5,2,603,217181,30832,11126,0,151,0,1,0,1,0,113,7,0,16023,2156,22857,0,0,0,NONE,258
0,0,9,0,0,0,,,,,,,,,,,,,,,,,,,,,,,,,,,,,,,,,,,,,,,,,,,,,,3,,,,,,,,,,,,,,,,,,,,,,,,,,,,,,,,,,,,,,,,,,,,,,,,,,,,,,,,,,0,,,,,,,,,,15640,16,246,Qiyana,0,1,2,1033,1787,1033,21679,0,5,0,0,0,True,9,0,False,False,False,False,False,False,1,13597,13650,0,MIDDLE,0,0,1,6696,3142,6698,6694,3158,0,3364,30,3,10,MIDDLE,0,4,1,700,13148,2395,12950,0,0,0,1,0,0,0,5,8,0,163904,31280,17420,0,0,0,SOLO,129
0,5,16,0,0,0,,,,,,,,,,,,,,,,,,,,,,,,,,,,,,,,,,,,,,,,,,,,,,0,,,,,,,,,,,,,,,,,,,,,,,,,,,,,,,,,,,,,,,,,,,,,,,,,,,,,,,,,,1,,,,,,,,,,13795,15,145,Kaisa,0,16,6,1581,1581,1581,19936,0,9,4,0,0,True,8,9,False,False,False,False,False,False,10,12332,12230,0,BOTTOM,0,0,1,2420,3006,6692,3124,3115,0,3363,28,0,3,BOTTOM,0,0,1,459,30669,9420,6238,0,4,0,1,0,0,0,16,9,0,129932,16338,18187,1,0,0,CARRY,93
0,0,17,0,0,0,,,,,,,,,,,,,,,,,,,,,,,,,,,,,,,,,,,,,,,,,,,,,,2,,,,,,,,,,,,,,,,,,,,,,,,,,,,,,,,,,,,,,,,,,,,,,,,,,,,,,,,,,1,,,,,,,,,,10801,13,89,Leona,0,2,11,973,1174,973,47049,0,8,9,0,0,True,4,0,False,False,False,False,False,False,6,11140,9625,0,UTILITY,0,0,1,3109,3877,3190,3066,3050,3158,3364,32,2,8,BOTTOM,0,4,1,530,21146,11977,9449,2,0,0,1,0,0,0,10,10,0,9759,6535,17605,13,0,0,SUPPORT,72
0,1,1,0,0,0,,,,,,,,,,,,,,,,,,,,,,,,,,,,,,,,,,,,,,,,,,,,,,2,,,,,,,,,,,,,,,,,,,,,,,,,,,,,,,,,,,,,,,,,,,,,,,,,,,,,,,,,,3,,,,,,,,,,11997,14,23,Tryndamere,0,1,1,7358,10503,7358,24920,0,5,0,0,0,True,2,0,False,True,False,False,False,True,0,10683,9300,0,TOP,0,0,0,3006,3153,6672,1043,3123,0,3340,18,2,5,TOP,429,2,1,550,2668,321,13713,0,8,0,0,0,0,0,2,1,0,124481,16166,12277,0,0,0,SOLO,20
0,1,3,0,0,0,,,,,,,,,,,,,,,,,,,,,,,,,,,,,,,,,,,,,,,,,,,,,,0,,,,,,,,,,,,,,,,,,,,,,,,,,,,,,,,,,,,,,,,,,,,,,,,,,,,,,,,,,0,,,,,,,,,,12203,14,245,Ekko,0,10,2,0,32238,0,20517,0,4,2,0,1,True,3,0,False,False,False,False,False,True,1,9699,9300,0,JUNGLE,0,0,0,3100,3157,1058,0,0,3020,3364,17,0,1,JUNGLE,0,0,1,611,137508,6703,12810,0,164,0,0,0,0,0,7,2,0,33431,841,20425,0,0,0,NONE,114
0,3,2,0,0,1,,,,,,,,,,,,,,,,,,,,,,,,,,,,,,,,,,,,,,,,,,,,,,1,,,,,,,,,,,,,,,,,,,,,,,,,,,,,,,,,,,,,,,,,,,,,,,,,,,,,,,,,,1,,,,,,,,,,14642,15,238,Zed,0,19,3,562,4830,562,8738,0,4,3,0,0,True,13,3,False,False,False,False,False,True,4,11359,10475,0,MIDDLE,0,0,0,6698,3111,2031,6699,3814,0,3364,17,1,6,MIDDLE,0,3,1,658,9247,556,8324,0,4,0,0,0,0,0,3,3,0,130320,14794,5225,0,0,0,SOLO,78
0,0,1,0,0,0,,,,,,,,,,,,,,,,,,,,,,,,,,,,,,,,,,,,,,,,,,,,,,0,,,,,,,,,,,,,,,,,,,,,,,,,,,,,,,,,,,,,,,,,,,,,,,,,,,,,,,,,,0,,,,,,,,,,9171,12,145,Kaisa,0,2,3,1198,1198,1198,6848,0,7,2,0,0,True,0,5,False,False,False,False,False,True,0,7795,7750,0,BOTTOM,0,0,0,6675,6672,3006,0,0,0,3340,17,0,1,BOTTOM,314,0,1,573,9736,3776,6734,0,0,0,0,0,0,0,2,4,0,73920,4791,9337,0,0,0,CARRY,48
0,2,4,0,0,0,,,,,,,,,,,,,,,,,,,,,,,,,,,,,,,,,,,,,,,,,,,,,,0,,,,,,,,,,,,,,,,,,,,,,,,,,,,,,,,,,,,,,,,,,,,,,,,,,,,,,,,,,0,,,,,,,,,,7264,10,111,Nautilus,0,5,4,0,0,0,17594,0,3,2,0,0,True,0,0,False,False,False,False,False,True,0,6123,5050,0,UTILITY,0,0,0,3190,3876,1029,3067,3111,0,3364,16,0,1,BOTTOM,0,0,1,582,6591,3177,6242,0,0,0,0,0,0,0,8,5,0,5166,1833,6599,0,0,0,SUPPORT,23
0,8,4,0,0,1,,,,,,,,,,,,,,,,,,,,,,,,,,,,,,,,,,,,,,,,,,,,,,1,,,,,,,,,,,,,,,,,,,,,,,,,,,,,,,,,,,,,,,,,,,,,,,,,,,,,,,,,,1,,,,,,,,,,14611,15,19,Warwick,0,1,3,1524,3786,1524,21738,0,6,2,0,0,True,3,2,False,False,False,False,False,True,0,10342,9700,0,TOP,0,0,0,3076,3748,3047,3153,1029,1036,3340,22,1,4,TOP,0,2,1,420,27386,8356,3592,0,4,0,0,0,0,0,7,6,0,105728,10299,23517,0,0,0,SOLO,45
0,14,7,1,0,5,,,,,,,,,,,,,,,,,,,,,,,,,,,,,,,,,,,,,,,,,,,,,,1,,,,,,,,,,,,,,,,,,,,,,,,,,,,,,,,,,,,,,,,,,,,,,,,,,,,,,,,,,0,,,,,,,,,,12519,14,76,Nidalee,0,0,1,0,25241,0,13742,0,0,1,1,3,True,0,20,False,False,False,False,False,True,13,10410,8275,0,JUNGLE,0,0,0,3100,4645,0,1082,3020,0,3364,17,1,5,JUNGLE,0,5,2,0,154198,16051,4290,0,152,0,0,0,0,0,98,7,0,19302,960,18807,0,0,0,NONE,243
0,0,1,0,0,3,,,,,,,,,,,,,,,,,,,,,,,,,,,,,,,,,,,,,,,,,,,,,,2,,,,,,,,,,,,,,,,,,,,,,,,,,,,,,,,,,,,,,,,,,,,,,,,,,,,,,,,,,2,,,,,,,,,,15327,16,45,Veigar,0,5,3,3704,7902,3704,8794,0,5,0,0,0,True,2,0,False,False,False,False,False,True,0,10453,9050,0,MIDDLE,0,0,0,3020,3157,6655,1056,1058,0,3340,19,2,5,MIDDLE,0,3,1,320,133959,13624,2104,0,2,0,0,0,0,0,1,8,0,9316,649,11127,0,0,0,SOLO,171
0,0,6,0,0,0,,,,,,,,,,,,,,,,,,,,,,,,,,,,,,,,,,,,,,,,,,,,,,1,,,,,,,,,,,,,,,,,,,,,,,,,,,,,,,,,,,,,,,,,,,,,,,,,,,,,,,,,,3,,,,,,,,,,11925,14,222,Jinx,0,3,1,6302,28944,6302,7752,0,1,0,2,0,True,0,0,False,False,False,True,False,True,0,12424,11950,0,BOTTOM,0,0,0,1055,3031,6672,3006,3094,1053,3363,19,1,8,BOTTOM,676,8,2,1533,3441,561,5378,1,4,0,0,0,0,0,7,9,0,154202,16035,5248,0,0,0,CARRY,77
0,1,15,0,0,0,,,,,,,,,,,,,,,,,,,,,,,,,,,,,,,,,,,,,,,,,,,,,,0,,,,,,,,,,,,,,,,,,,,,,,,,,,,,,,,,,,,,,,,,,,,,,,,,,,,,,,,,,3,,,,,,,,,,9751,12,117,Lulu,0,3,8,1252,5193,1252,4883,0,2,6,0,0,True,15,9,False,False,True,False,False,True,4,8232,7150,0,UTILITY,0,0,0,6617,3870,0,3158,3067,3504,3364,24,0,1,BOTTOM,0,0,1,1215,18309,5074,3010,1,0,0,0,0,0,0,11,10,0,4155,865,5754,5,0,0,SUPPORT,53
1,0,1,0,0,0,,,,,,,,,,,,,,,,,,,,,,,,,,,,,,,,,,,,,,,,,,,,,,0,,,,,,,,,,,,,,,,,,,,,,,,,,,,,,,,,,,,,,,,,,,,,,,,,,,,,,,,,,1,,,,,,,,,,13651,15,233,Briar,0,4,1,3187,5038,3187,28255,0,7,0,0,0,True,3,5,False,False,False,False,False,True,0,9987,10010,0,TOP,0,0,2,3047,1054,6692,6610,2021,3077,3363,21,0,1,TOP,232,0,1,320,13967,2530,10124,0,7,0,0,0,0,0,2,1,0,118213,10025,23168,0,0,0,SOLO,36
0,6,1,0,0,0,,,,,,,,,,,,,,,,,,,,,,,,,,,,,,,,,,,,,,,,,,,,,,1,,,,,,,,,,,,,,,,,,,,,,,,,,,,,,,,,,,,,,,,,,,,,,,,,,,,,,,,,,0,,,,,,,,,,11117,13,121,Khazix,0,1,3,0,14383,0,15530,0,8,2,0,0,True,3,0,False,False,False,False,False,True,6,11705,11487,0,JUNGLE,0,0,2,3142,6701,3158,3814,2020,2015,3364,20,1,6,JUNGLE,0,2,1,413,789,789,10873,0,130,0,0,0,0,0,8,2,0,124432,13453,19782,0,0,0,NONE,152
1,0,4,0,0,0,,,,,,,,,,,,,,,,,,,,,,,,,,,,,,,,,,,,,,,,,,,,,,0,,,,,,,,,,,,,,,,,,,,,,,,,,,,,,,,,,,,,,,,,,,,,,,,,,,,,,,,,,0,,,,,,,,,,12937,14,61,Orianna,0,0,6,1916,2108,1916,14942,0,10,3,0,0,True,0,1,False,False,False,False,False,True,0,9716,8775,0,MIDDLE,0,0,2,1056,3145,3020,6655,3040,0,3363,24,0,2,MIDDLE,0,0,1,286,125967,16383,12708,0,0,0,0,0,0,0,1,3,0,12576,959,10562,0,0,0,SOLO,143
0,0,2,0,0,0,,,,,,,,,,,,,,,,,,,,,,,,,,,,,,,,,,,,,,,,,,,,,,0,,,,,,,,,,,,,,,,,,,,,,,,,,,,,,,,,,,,,,,,,,,,,,,,,,,,,,,,,,2,,,,,,,,,,10902,13,51,Caitlyn,0,0,3,5004,6721,5004,8955,0,9,1,0,0,True,0,2,False,False,False,False,False,True,0,10729,10250,0,BOTTOM,0,0,2,1055,3031,3087,1018,3006,3035,3363,19,0,3,BOTTOM,1217,0,1,346,18641,1189,10122,0,1,0,0,0,0,0,1,4,0,118531,13490,9345,0,0,0,CARRY,50
0,0,4,0,0,0,,,,,,,,,,,,,,,,,,,,,,,,,,,,,,,,,,,,,,,,,,,,,,0,,,,,,,,,,,,,,,,,,,,,,,,,,,,,,,,,,,,,,,,,,,,,,,,,,,,,,,,,,0,,,,,,,,,,8466,11,117,Lulu,0,0,5,104,370,104,11219,0,1,3,0,0,True,0,2,False,False,False,False,False,True,7,6455,6025,0,UTILITY,0,0,2,3158,2065,0,3869,3190,0,3364,21,0,0,BOTTOM,0,0,0,1309,8923,2627,4165,0,0,0,0,0,0,0,0,5,0,3410,218,6571,0,0,0,SUPPORT,51
0,4,5,0,0,5,,,,,,,,,,,,,,,,,,,,,,,,,,,,,,,,,,,,,,,,,,,,,,2,,,,,,,,,,,,,,,,,,,,,,,,,,,,,,,,,,,,,,,,,,,,,,,,,,,,,,,,,,2,,,,,,,,,,13927,15,133,Quinn,0,3,1,1937,15098,1937,15604,0,3,0,1,1,True,4,0,False,False,False,False,False,True,0,12070,11500,0,TOP,0,1,0,3142,3095,3006,6676,1055,3134,3340,17,2,8,TOP,687,5,2,621,4118,1755,5070,1,6,0,0,0,0,0,8,6,0,124560,22415,16750,0,0,0,SOLO,57
0,6,8,0,0,2,,,,,,,,,,,,,,,,,,,,,,,,,,,,,,,,,,,,,,,,,,,,,,2,,,,,,,,,,,,,,,,,,,,,,,,,,,,,,,,,,,,,,,,,,,,,,,,,,,,,,,,,,3,,,,,,,,,,14488,15,76,Nidalee,0,0,1,7239,47092,7239,16802,0,1,1,0,3,True,1,15,False,True,False,False,False,True,15,13562,12725,0,JUNGLE,2,2,0,4645,3100,3089,3020,1082,1026,3364,16,2,14,JUNGLE,0,12,1,1348,166013,19921,5976,2,135,0,0,0,0,0,118,7,0,17816,1423,22856,2,0,0,NONE,258
2,0,13,0,0,0,,,,,,,,,,,,,,,,,,,,,,,,,,,,,,,,,,,,,,,,,,,,,,1,,,,,,,,,,,,,,,,,,,,,,,,,,,,,,,,,,,,,,,,,,,,,,,,,,,,,,,,,,2,,,,,,,,,,15270,16,103,Ahri,0,0,2,4138,6686,4138,12256,0,7,0,0,0,True,10,2,False,False,False,False,False,True,1,11257,11200,0,MIDDLE,0,0,0,3118,6655,4645,1052,1052,3020,3363,21,1,3,MIDDLE,0,2,1,526,95778,14553,10337,0,0,0,0,0,0,0,24,8,0,12690,2080,15621,1,0,0,SOLO,103
0,0,10,0,0,3,,,,,,,,,,,,,,,,,,,,,,,,,,,,,,,,,,,,,,,,,,,,,,2,,,,,,,,,,,,,,,,,,,,,,,,,,,,,,,,,,,,,,,,,,,,,,,,,,,,,,,,,,5,,,,,,,,,,10988,13,901,Smolder,0,7,4,6565,26034,6565,11214,0,1,1,1,0,True,7,1,True,False,False,True,False,True,0,12770,11225,0,BOTTOM,0,1,0,3094,3508,1033,3158,1036,6675,3363,25,2,9,BOTTOM,429,6,2,1133,14828,4604,5216,0,7,0,0,0,0,0,9,9,0,135160,18444,9854,1,0,0,CARRY,175
0,0,19,1,0,1,,,,,,,,,,,,,,,,,,,,,,,,,,,,,,,,,,,,,,,,,,,,,,0,,,,,,,,,,,,,,,,,,,,,,,,,,,,,,,,,,,,,,,,,,,,,,,,,,,,,,,,,,5,,,,,,,,,,10878,13,350,Yuumi,0,1,5,1378,2744,1378,924,0,0,3,0,0,True,8,2,True,False,True,False,False,True,0,8901,7925,0,UTILITY,0,2,0,6617,6616,3870,1052,0,3222,3364,22,0,1,BOTTOM,14,0,1,0,9264,4587,990,0,4,0,0,0,0,0,10,10,0,1766,82,1404,0,0,0,SUPPORT,80
0,2,4,0,0,1,,,,,,,,,,,,,,,,,,,,,,,,,,,,,,,,,,,,,,,,,,,,,,2,,,,,,,,,,,,,,,,,,,,,,,,,,,,,,,,,,,,,,,,,,,,,,,,,,,,,,,,,,5,,,,,,,,,,15201,16,86,Garen,0,5,1,8600,18282,8600,31980,0,3,0,0,0,True,2,0,False,False,False,False,False,False,2,12603,11633,0,TOP,1,1,0,3033,3006,3078,3046,1057,0,3340,20,2,7,TOP,437,3,1,869,0,0,4420,0,0,0,0,1,0,0,13,1,0,148863,19677,22169,0,0,0,CARRY,86
0,2,11,0,0,0,,,,,,,,,,,,,,,,,,,,,,,,,,,,,,,,,,,,,,,,,,,,,,0,,,,,,,,,,,,,,,,,,,,,,,,,,,,,,,,,,,,,,,,,,,,,,,,,,,,,,,,,,4,,,,,,,,,,12784,14,5,XinZhao,0,0,8,3230,19526,3230,22716,0,5,5,0,0,True,15,0,False,False,False,False,False,False,1,10469,9750,0,JUNGLE,1,1,0,3748,2055,6610,3111,1057,1043,3364,26,0,2,JUNGLE,246,0,1,705,9488,1501,12888,0,126,0,0,1,0,0,75,2,0,117911,15530,24846,0,0,0,NONE,69
0,2,8,1,0,0,,,,,,,,,,,,,,,,,,,,,,,,,,,,,,,,,,,,,,,,,,,,,,1,,,,,,,,,,,,,,,,,,,,,,,,,,,,,,,,,,,,,,,,,,,,,,,,,,,,,,,,,,5,,,,,,,,,,14422,15,8,Vladimir,0,14,3,6042,19787,6042,20058,0,2,1,0,2,True,16,0,False,False,False,True,False,False,2,12391,12375,0,MIDDLE,0,2,0,3082,4633,6653,2504,3024,3158,3340,21,1,4,MIDDLE,0,4,1,1438,125794,28352,14092,0,20,0,0,0,0,0,9,3,0,12630,1533,11011,0,0,0,SOLO,303
0,15,12,0,0,8,,,,,,,,,,,,,,,,,,,,,,,,,,,,,,,,,,,,,,,,,,,,,,1,,,,,,,,,,,,,,,,,,,,,,,,,,,,,,,,,,,,,,,,,,,,,,,,,,,,,,,,,,4,,,,,,,,,,16406,16,901,Smolder,0,4,3,4774,8601,4774,9531,0,5,2,0,0,True,18,10,False,True,False,False,False,False,3,15018,10250,0,BOTTOM,0,0,0,6675,3508,3156,3158,1055,0,3363,20,1,11,BOTTOM,505,8,1,799,16057,5899,7572,0,4,1,0,1,0,0,13,4,0,178690,30236,11730,11,0,0,SOLO,169
0,7,6,0,0,1,,,,,,,,,,,,,,,,,,,,,,,,,,,,,,,,,,,,,,,,,,,,,,2,,,,,,,,,,,,,,,,,,,,,,,,,,,,,,,,,,,,,,,,,,,,,,,,,,,,,,,,,,2,,,,,,,,,,10345,13,555,Pyke,0,1,8,1429,6480,1429,9687,0,8,4,2,0,True,6,2,True,False,False,False,False,False,0,10595,9287,0,UTILITY,0,0,0,3877,3142,6697,2020,3158,1036,3364,25,2,10,TOP,0,4,2,519,0,0,12622,0,0,0,0,1,0,0,0,5,0,20997,10060,10291,0,0,0,SUPPORT,57
0,10,2,0,0,0,,,,,,,,,,,,,,,,,,,,,,,,,,,,,,,,,,,,,,,,,,,,,,0,,,,,,,,,,,,,,,,,,,,,,,,,,,,,,,,,,,,,,,,,,,,,,,,,,,,,,,,,,1,,,,,,,,,,13025,15,420,Illaoi,0,2,1,3173,3173,3173,38265,0,11,0,0,0,True,13,0,False,False,False,False,False,False,2,9208,8800,0,TOP,0,0,2,1054,6610,3047,6662,3133,1028,3340,16,0,1,TOP,196,0,1,410,1963,1291,8554,0,0,0,1,0,0,0,6,6,0,140729,23237,29786,0,0,0,SOLO,63
1,7,6,0,0,3,,,,,,,,,,,,,,,,,,,,,,,,,,,,,,,,,,,,,,,,,,,,,,2,,,,,,,,,,,,,,,,,,,,,,,,,,,,,,,,,,,,,,,,,,,,,,,,,,,,,,,,,,0,,,,,,,,,,13407,15,76,Nidalee,0,0,1,0,20024,0,16380,0,5,1,1,0,True,17,10,False,False,False,False,False,False,22,12723,12225,0,JUNGLE,0,0,2,4645,3100,3020,1082,3135,1058,3364,15,2,9,JUNGLE,0,3,2,874,143700,19740,9125,0,135,0,1,0,0,0,84,7,0,19807,1554,21205,0,0,0,NONE,220
0,0,7,0,0,0,,,,,,,,,,,,,,,,,,,,,,,,,,,,,,,,,,,,,,,,,,,,,,1,,,,,,,,,,,,,,,,,,,,,,,,,,,,,,,,,,,,,,,,,,,,,,,,,,,,,,,,,,0,,,,,,,,,,14563,15,38,Kassadin,0,3,1,266,672,266,20950,0,1,1,0,0,True,0,0,False,False,False,False,False,False,0,12481,11025,0,MIDDLE,0,0,2,3118,3040,3157,3020,1082,3916,3364,16,1,6,MIDDLE,0,6,1,1506,113553,21536,10261,0,0,0,1,0,0,0,3,8,0,16445,1647,13978,0,0,0,SOLO,56
0,1,6,0,0,0,,,,,,,,,,,,,,,,,,,,,,,,,,,,,,,,,,,,,,,,,,,,,,2,,,,,,,,,,,,,,,,,,,,,,,,,,,,,,,,,,,,,,,,,,,,,,,,,,,,,,,,,,0,,,,,,,,,,10608,13,119,Draven,0,0,5,510,510,510,12668,0,9,0,0,0,True,5,0,False,False,False,False,False,False,0,10371,9850,0,BOTTOM,0,0,2,6676,3508,3006,3035,1018,0,3340,22,2,4,BOTTOM,644,2,1,429,0,0,5754,0,4,0,1,0,0,0,0,9,0,106961,17901,19382,0,0,0,CARRY,63
0,3,7,0,0,0,,,,,,,,,,,,,,,,,,,,,,,,,,,,,,,,,,,,,,,,,,,,,,1,,,,,,,,,,,,,,,,,,,,,,,,,,,,,,,,,,,,,,,,,,,,,,,,,,,,,,,,,,0,,,,,,,,,,8126,11,432,Bard,0,4,8,538,3362,538,25571,0,8,4,0,0,True,11,0,False,False,False,False,False,False,2,7604,7300,0,UTILITY,0,0,2,3877,3009,2031,3110,2504,2055,3364,23,1,3,BOTTOM,0,2,1,577,15307,5420,5929,0,0,0,1,0,0,0,4,10,0,9849,3205,17224,0,0,0,SUPPORT,52
0,0,4,0,0,1,,,,,,,,,,,,,,,,,,,,,,,,,,,,,,,,,,,,,,,,,,,,,,1,,,,,,,,,,,,,,,,,,,,,,,,,,,,,,,,,,,,,,,,,,,,,,,,,,,,,,,,,,1,,,,,,,,,,17028,17,39,Irelia,0,5,1,7179,14149,7179,29202,0,7,0,1,0,True,3,0,False,False,False,False,False,False,0,13992,11900,0,TOP,0,0,1,6610,3123,3153,3111,3091,1028,3340,20,1,6,TOP,242,3,2,543,42884,6602,7180,0,0,0,1,0,0,0,2,1,0,172489,14640,23744,0,0,0,DUO,273
0,15,9,0,0,0,,,,,,,,,,,,,,,,,,,,,,,,,,,,,,,,,,,,,,,,,,,,,,1,,,,,,,,,,,,,,,,,,,,,,,,,,,,,,,,,,,,,,,,,,,,,,,,,,,,,,,,,,0,,,,,,,,,,14221,15,64,LeeSin,0,2,3,0,36879,0,42610,0,10,2,1,0,True,1,104,False,False,False,False,False,False,0,12973,11775,0,JUNGLE,0,0,1,6610,6692,3111,2055,3071,2019,3340,23,1,5,JUNGLE,361,3,2,450,48682,2905,21550,0,176,0,1,0,0,0,10,2,0,138326,18819,27546,2,0,0,NONE,227
0,1,3,0,0,0,,,,,,,,,,,,,,,,,,,,,,,,,,,,,,,,,,,,,,,,,,,,,,1,,,,,,,,,,,,,,,,,,,,,,,,,,,,,,,,,,,,,,,,,,,,,,,,,,,,,,,,,,1,,,,,,,,,,14887,16,38,Kassadin,0,3,7,2193,3461,2193,17707,0,4,6,0,0,True,7,3,False,False,False,True,False,False,9,11063,11050,0,MIDDLE,0,0,1,3040,3118,1052,3020,1052,6657,3363,27,1,5,TOP,0,4,1,1308,87193,15752,10547,0,4,0,1,0,0,0,4,3,0,22048,951,16503,0,0,0,DUO,49
0,8,3,0,0,0,,,,,,,,,,,,,,,,,,,,,,,,,,,,,,,,,,,,,,,,,,,,,,1,,,,,,,,,,,,,,,,,,,,,,,,,,,,,,,,,,,,,,,,,,,,,,,,,,,,,,,,,,1,,,,,,,,,,12902,14,81,Ezreal,0,14,3,3003,3705,3003,7417,0,6,2,1,0,True,23,1,False,False,False,False,False,False,10,12074,11900,0,BOTTOM,0,0,1,1055,3042,3161,3035,3508,3158,3363,23,1,4,BOTTOM,565,2,2,638,30726,6582,10057,0,0,0,1,0,0,0,10,4,0,115839,16868,12216,2,0,0,SOLO,275
1,0,8,0,0,0,,,,,,,,,,,,,,,,,,,,,,,,,,,,,,,,,,,,,,,,,,,,,,0,,,,,,,,,,,,,,,,,,,,,,,,,,,,,,,,,,,,,,,,,,,,,,,,,,,,,,,,,,0,,,,,,,,,,10304,13,235,Senna,0,0,10,215,3421,215,5197,0,7,7,0,1,True,7,0,False,False,False,False,False,False,0,7920,7400,0,UTILITY,0,0,1,3877,3179,3009,6609,2055,0,3364,26,0,1,JUNGLE,308,0,1,409,0,0,9539,0,6,0,1,0,0,0,4,5,0,28294,8080,5949,0,0,0,NONE,53
0,11,10,0,0,1,,,,,,,,,,,,,,,,,,,,,,,,,,,,,,,,,,,,,,,,,,,,,,1,,,,,,,,,,,,,,,,,,,,,,,,,,,,,,,,,,,,,,,,,,,,,,,,,,,,,,,,,,5,,,,,,,,,,14946,16,266,Aatrox,0,35,4,5026,20149,5026,39747,0,6,2,0,0,True,26,4,False,False,False,False,False,False,6,13028,11875,0,TOP,0,1,0,6333,3156,6692,3133,1055,3047,3363,25,1,6,TOP,0,4,1,719,11181,3695,6762,0,12,0,0,1,0,0,15,6,0,152232,22233,23770,0,0,0,SOLO,234
1,6,15,1,0,1,,,,,,,,,,,,,,,,,,,,,,,,,,,,,,,,,,,,,,,,,,,,,,2,,,,,,,,,,,,,,,,,,,,,,,,,,,,,,,,,,,,,,,,,,,,,,,,,,,,,,,,,,3,,,,,,,,,,17131,17,76,Nidalee,0,6,1,5462,33268,5462,20099,0,4,1,1,3,True,10,13,False,False,False,False,False,False,22,15562,14225,0,JUNGLE,0,1,0,4645,3100,3020,3135,3089,0,3364,16,2,12,JUNGLE,0,7,2,742,189680,28755,8936,0,168,1,0,1,0,0,106,7,0,25416,2555,25197,4,0,0,NONE,261
2,3,13,0,0,0,,,,,,,,,,,,,,,,,,,,,,,,,,,,,,,,,,,,,,,,,,,,,,1,,,,,,,,,,,,,,,,,,,,,,,,,,,,,,,,,,,,,,,,,,,,,,,,,,,,,,,,,,5,,,,,,,,,,15690,16,103,Ahri,0,3,2,3569,5055,3569,12587,0,4,1,0,0,True,4,0,False,False,False,False,False,False,19,11806,11075,0,MIDDLE,1,1,0,1056,3020,3118,4646,3102,1052,3364,17,1,3,MIDDLE,0,2,1,767,89421,15263,6194,1,0,0,0,1,0,0,30,8,0,14433,2020,16183,2,0,0,SOLO,99
1,5,9,0,0,0,,,,,,,,,,,,,,,,,,,,,,,,,,,,,,,,,,,,,,,,,,,,,,2,,,,,,,,,,,,,,,,,,,,,,,,,,,,,,,,,,,,,,,,,,,,,,,,,,,,,,,,,,6,,,,,,,,,,14423,15,202,Jhin,0,8,5,10368,29696,10368,11890,0,4,3,3,1,True,4,10,False,True,False,False,False,False,3,13924,12675,0,BOTTOM,0,1,0,3142,3009,6676,3094,1038,1037,3363,18,2,11,BOTTOM,1262,9,3,668,15516,1607,9111,0,4,0,0,1,0,0,4,9,0,177890,24581,13970,0,0,0,CARRY,87
0,0,20,0,0,0,,,,,,,,,,,,,,,,,,,,,,,,,,,,,,,,,,,,,,,,,,,,,,0,,,,,,,,,,,,,,,,,,,,,,,,,,,,,,,,,,,,,,,,,,,,,,,,,,,,,,,,,,7,,,,,,,,,,12753,14,432,Bard,0,25,4,2314,6137,2314,24797,0,3,2,0,0,True,7,0,True,False,False,False,False,False,0,9727,9350,0,UTILITY,0,1,0,3009,3877,3002,2504,3110,0,3364,22,0,2,BOTTOM,0,0,1,760,14518,7382,5076,0,0,0,0,1,0,0,5,10,0,11515,6273,15346,0,0,0,SUPPORT,57
0,2,15,0,0,4,,,,,,,,,,,,,,,,,,,,,,,,,,,,,,,,,,,,,,,,,,,,,,1,,,,,,,,,,,,,,,,,,,,,,,,,,,,,,,,,,,,,,,,,,,,,,,,,,,,,,,,,,7,,,,,,,,,,19108,18,79,Gragas,0,9,4,7877,15845,7877,30890,0,1,1,0,0,True,3,2,False,False,False,False,False,False,0,11530,10150,0,TOP,0,1,0,6657,3057,3113,3145,4629,3158,3363,23,1,4,TOP,0,4,1,1186,124229,19722,18720,0,2,1,0,1,0,0,18,1,0,24233,2376,17872,0,0,0,DUO,371
3,3,15,1,0,0,,,,,,,,,,,,,,,,,,,,,,,,,,,,,,,,,,,,,,,,,,,,,,2,,,,,,,,,,,,,,,,,,,,,,,,,,,,,,,,,,,,,,,,,,,,,,,,,,,,,,,,,,5,,,,,,,,,,17593,17,163,Taliyah,0,11,2,6107,39727,6107,10854,0,4,1,1,3,True,2,0,True,False,False,False,False,False,1,13725,13175,0,JUNGLE,0,2,0,6655,3020,3089,4645,4632,0,3364,21,2,8,JUNGLE,0,5,2,641,234083,25833,11628,0,166,0,0,0,0,0,11,2,0,20063,1442,13000,0,0,0,NONE,243
0,8,3,0,0,0,,,,,,,,,,,,,,,,,,,,,,,,,,,,,,,,,,,,,,,,,,,,,,4,,,,,,,,,,,,,,,,,,,,,,,,,,,,,,,,,,,,,,,,,,,,,,,,,,,,,,,,,,4,,,,,,,,,,17494,17,246,Qiyana,0,18,1,7234,10105,7234,16899,0,8,1,1,0,True,3,2,False,True,False,False,False,False,1,15859,14725,0,MIDDLE,0,0,0,6698,6696,3158,6694,3155,3814,3364,20,4,13,TOP,0,5,2,717,13860,2292,17366,0,8,0,0,0,0,0,3,3,0,183816,30596,9625,0,0,0,DUO,120
0,3,3,0,0,2,,,,,,,,,,,,,,,,,,,,,,,,,,,,,,,,,,,,,,,,,,,,,,2,,,,,,,,,,,,,,,,,,,,,,,,,,,,,,,,,,,,,,,,,,,,,,,,,,,,,,,,,,5,,,,,,,,,,13124,15,67,Vayne,0,5,1,6584,32252,6584,11985,0,4,0,1,1,True,2,0,False,False,False,False,False,False,0,13036,11600,0,BOTTOM,0,2,0,1033,3153,3124,3006,3091,1028,3363,22,2,6,BOTTOM,0,2,2,1101,17393,2354,9233,1,5,0,0,0,0,0,3,4,0,127868,17670,9813,0,0,0,CARRY,139
2,14,20,0,0,0,,,,,,,,,,,,,,,,,,,,,,,,,,,,,,,,,,,,,,,,,,,,,,0,,,,,,,,,,,,,,,,,,,,,,,,,,,,,,,,,,,,,,,,,,,,,,,,,,,,,,,,,,9,,,,,,,,,,13337,15,40,Janna,0,23,9,3869,4583,3869,4523,0,2,6,0,0,True,5,0,False,False,False,False,False,False,9,9392,7925,0,UTILITY,2,2,0,3009,6617,3870,2055,3041,3504,3364,23,0,1,BOTTOM,0,0,1,1044,13575,5674,6149,0,0,0,0,0,0,0,6,5,0,4269,499,3750,0,0,0,SUPPORT,60
0,9,2,0,0,0,,,,,,,,,,,,,,,,,,,,,,,,,,,,,,,,,,,,,,,,,,,,,,0,,,,,,,,,,,,,,,,,,,,,,,,,,,,,,,,,,,,,,,,,,,,,,,,,,,,,,,,,,2,,,,,,,,,,14191,15,24,Jax,0,3,5,8622,9732,8622,19093,0,8,3,0,0,True,8,2,False,False,False,False,False,False,1,10445,9708,0,TOP,0,0,2,3748,3133,3078,0,0,3111,3340,26,0,2,TOP,0,0,1,881,40360,7099,16827,2,4,0,1,0,0,0,5,6,0,109143,10640,13065,1,0,0,SOLO,62
0,6,6,0,0,0,,,,,,,,,,,,,,,,,,,,,,,,,,,,,,,,,,,,,,,,,,,,,,2,,,,,,,,,,,,,,,,,,,,,,,,,,,,,,,,,,,,,,,,,,,,,,,,,,,,,,,,,,0,,,,,,,,,,14444,15,76,Nidalee,0,0,1,0,24282,0,14706,0,3,1,0,1,True,4,24,False,False,False,False,False,False,15,12396,11575,0,JUNGLE,0,0,2,4645,3100,3020,3089,1082,0,3364,15,2,8,JUNGLE,0,5,1,1100,170105,18125,10924,0,159,0,1,0,0,0,115,7,0,18893,1249,23313,4,0,0,NONE,280
0,1,4,0,0,1,,,,,,,,,,,,,,,,,,,,,,,,,,,,,,,,,,,,,,,,,,,,,,1,,,,,,,,,,,,,,,,,,,,,,,,,,,,,,,,,,,,,,,,,,,,,,,,,,,,,,,,,,2,,,,,,,,,,14788,16,268,Azir,0,1,5,4016,9729,4016,13059,0,11,0,0,0,True,18,2,False,False,False,True,False,False,0,13180,12400,0,MIDDLE,0,0,2,4645,2420,3020,3115,4628,2031,3340,24,1,6,MIDDLE,0,2,1,299,165617,23769,12790,0,4,0,1,0,0,0,4,8,0,4101,607,17254,0,0,0,SOLO,54
0,2,3,0,0,0,,,,,,,,,,,,,,,,,,,,,,,,,,,,,,,,,,,,,,,,,,,,,,0,,,,,,,,,,,,,,,,,,,,,,,,,,,,,,,,,,,,,,,,,,,,,,,,,,,,,,,,,,0,,,,,,,,,,11093,13,145,Kaisa,0,1,4,302,2052,302,8417,0,7,2,0,0,True,0,0,False,False,False,False,False,False,0,10667,10450,0,BOTTOM,0,0,2,3137,3042,3020,1055,0,6655,3363,26,0,1,BOTTOM,0,0,1,720,21512,8379,9226,0,4,0,1,0,0,0,1,9,0,117782,9787,12381,0,0,0,CARRY,82
0,1,6,0,0,0,,,,,,,,,,,,,,,,,,,,,,,,,,,,,,,,,,,,,,,,,,,,,,0,,,,,,,,,,,,,,,,,,,,,,,,,,,,,,,,,,,,,,,,,,,,,,,,,,,,,,,,,,0,,,,,,,,,,9905,12,53,Blitzcrank,0,3,8,0,623,0,14997,0,3,6,0,0,True,0,9,False,False,False,False,False,False,2,8158,6550,0,UTILITY,0,0,2,0,3002,0,3876,3190,3009,3364,18,0,2,BOTTOM,0,0,1,1094,7058,3805,10269,0,6,0,1,0,0,0,0,10,0,5885,1928,13175,0,0,0,SUPPORT,29
0,2,6,0,0,5,,,,,,,,,,,,,,,,,,,,,,,,,,,,,,,,,,,,,,,,,,,,,,1,,,,,,,,,,,,,,,,,,,,,,,,,,,,,,,,,,,,,,,,,,,,,,,,,,,,,,,,,,6,,,,,,,,,,18001,17,114,Fiora,0,3,1,12635,14223,12635,52353,0,9,0,0,0,True,4,2,False,False,False,False,False,False,0,16157,14133,0,TOP,1,1,0,3074,3047,6609,1055,3078,6610,3363,22,1,8,TOP,783,5,1,341,4534,3434,15742,0,16,0,0,1,0,0,2,1,0,171238,22608,34918,0,0,0,SOLO,227
5,5,7,1,0,3,,,,,,,,,,,,,,,,,,,,,,,,,,,,,,,,,,,,,,,,,,,,,,4,,,,,,,,,,,,,,,,,,,,,,,,,,,,,,,,,,,,,,,,,,,,,,,,,,,,,,,,,,3,,,,,,,,,,18779,18,76,Nidalee,0,1,0,1917,43219,1917,24003,0,5,0,3,1,True,9,25,False,False,False,False,False,False,32,17181,13900,0,JUNGLE,0,1,0,4645,2420,3020,3100,3916,3089,3340,13,4,15,JUNGLE,0,7,3,788,226308,33303,11825,0,164,0,0,1,0,0,95,2,0,19548,1523,25905,0,0,0,NONE,286
2,21,17,0,0,1,,,,,,,,,,,,,,,,,,,,,,,,,,,,,,,,,,,,,,,,,,,,,,2,,,,,,,,,,,,,,,,,,,,,,,,,,,,,,,,,,,,,,,,,,,,,,,,,,,,,,,,,,6,,,,,,,,,,18740,18,163,Taliyah,0,12,4,5657,15701,5657,19196,0,5,2,0,0,True,4,6,False,True,False,True,False,False,4,14572,13200,0,MIDDLE,0,1,0,3158,3040,4629,3102,1058,1058,3363,25,2,5,MIDDLE,0,2,1,802,183824,32159,10435,2,14,1,0,1,0,0,26,3,0,12653,1715,16414,1,0,0,SOLO,263
0,0,8,1,0,0,,,,,,,,,,,,,,,,,,,,,,,,,,,,,,,,,,,,,,,,,,,,,,1,,,,,,,,,,,,,,,,,,,,,,,,,,,,,,,,,,,,,,,,,,,,,,,,,,,,,,,,,,2,,,,,,,,,,12772,14,429,Kalista,0,5,2,4550,13639,4550,22756,0,11,0,1,0,True,2,1,False,False,False,False,False,False,0,11874,11525,0,BOTTOM,1,1,0,1055,3153,3006,3302,3085,1037,3363,20,1,3,BOTTOM,390,2,2,364,10849,2083,9387,0,9,0,0,0,0,0,6,4,0,127667,21754,26659,0,0,0,CARRY,77
0,0,20,0,0,0,,,,,,,,,,,,,,,,,,,,,,,,,,,,,,,,,,,,,,,,,,,,,,0,,,,,,,,,,,,,,,,,,,,,,,,,,,,,,,,,,,,,,,,,,,,,,,,,,,,,,,,,,3,,,,,,,,,,13985,15,16,Soraka,0,7,8,983,3879,983,13629,0,8,4,0,0,True,1,1,False,False,False,False,False,False,0,9641,8950,0,UTILITY,1,1,0,3870,6617,3009,4005,6657,2055,3364,24,0,3,BOTTOM,0,0,1,515,16687,6359,9901,0,0,0,0,1,0,0,0,5,0,5615,1249,14058,0,0,0,SUPPORT,96
0,0,8,0,0,0,,,,,,,,,,,,,,,,,,,,,,,,,,,,,,,,,,,,,,,,,,,,,,2,,,,,,,,,,,,,,,,,,,,,,,,,,,,,,,,,,,,,,,,,,,,,,,,,,,,,,,,,,1,,,,,,,,,,17262,17,266,Aatrox,0,4,3,4120,20129,4120,41924,0,8,0,0,0,True,0,0,False,False,False,False,False,False,0,12327,11050,0,TOP,0,0,3,6610,6694,3161,3047,1055,0,3364,21,2,7,TOP,583,2,1,491,14183,4766,23623,0,0,0,1,0,0,0,0,6,0,165652,26393,28842,0,0,0,SOLO,252
0,4,7,0,0,0,,,,,,,,,,,,,,,,,,,,,,,,,,,,,,,,,,,,,,,,,,,,,,4,,,,,,,,,,,,,,,,,,,,,,,,,,,,,,,,,,,,,,,,,,,,,,,,,,,,,,,,,,1,,,,,,,,,,16151,16,56,Nocturne,0,0,1,124,38932,124,33916,0,8,0,1,3,True,0,0,False,False,False,False,False,False,9,15105,14100,0,JUNGLE,0,0,3,6692,3073,3111,3071,3814,1053,3364,25,4,14,JUNGLE,0,5,2,444,3179,2132,13015,1,131,0,1,0,0,0,4,7,0,177570,24787,24337,0,0,0,NONE,118
0,3,8,0,0,0,,,,,,,,,,,,,,,,,,,,,,,,,,,,,,,,,,,,,,,,,,,,,,2,,,,,,,,,,,,,,,,,,,,,,,,,,,,,,,,,,,,,,,,,,,,,,,,,,,,,,,,,,1,,,,,,,,,,16285,16,61,Orianna,0,15,3,1113,2427,1113,21222,0,6,1,1,0,True,5,0,False,False,False,False,False,False,0,14380,14325,0,MIDDLE,0,0,3,6655,3157,3089,3040,0,3020,3363,19,2,10,MIDDLE,0,4,2,749,182214,33387,19532,0,4,0,1,0,0,0,12,8,0,13613,1520,6947,0,0,0,SOLO,192
0,4,11,0,0,0,,,,,,,,,,,,,,,,,,,,,,,,,,,,,,,,,,,,,,,,,,,,,,1,,,,,,,,,,,,,,,,,,,,,,,,,,,,,,,,,,,,,,,,,,,,,,,,,,,,,,,,,,0,,,,,,,,,,12281,14,22,Ashe,0,4,2,445,445,445,13369,0,8,0,0,0,True,1,0,False,False,False,False,False,False,0,11381,10350,0,BOTTOM,0,0,3,6672,3153,1043,3123,3006,1057,3340,17,1,6,BOTTOM,244,2,1,701,7763,3183,11561,0,0,0,1,0,0,0,10,9,0,114345,27663,9831,0,0,0,CARRY,30
2,22,18,0,0,0,,,,,,,,,,,,,,,,,,,,,,,,,,,,,,,,,,,,,,,,,,,,,,0,,,,,,,,,,,,,,,,,,,,,,,,,,,,,,,,,,,,,,,,,,,,,,,,,,,,,,,,,,1,,,,,,,,,,12547,14,40,Janna,0,24,13,1073,1369,1073,9112,0,4,10,0,0,True,3,0,False,False,False,False,False,False,4,7840,7575,0,UTILITY,0,0,3,3009,6617,3870,2055,3504,3113,3364,27,0,0,BOTTOM,0,0,0,926,15595,5733,12045,0,0,0,1,0,0,0,17,10,0,3420,232,8177,0,0,0,SUPPORT,68
0,0,1,0,0,0,,,,,,,,,,,,,,,,,,,,,,,,,,,,,,,,,,,,,,,,,,,,,,0,,,,,,,,,,,,,,,,,,,,,,,,,,,,,,,,,,,,,,,,,,,,,,,,,,,,,,,,,,0,,,,,,,,,,9677,12,777,Yone,0,1,1,0,203,0,13545,0,6,0,0,0,True,3,0,False,False,False,False,False,False,0,7019,6100,0,TOP,0,0,2,1054,3006,3153,6670,0,0,3340,14,0,0,JUNGLE,0,0,0,410,14448,1886,4815,0,0,0,1,0,0,0,2,1,0,84663,8511,13355,0,0,0,NONE,203
0,0,3,0,0,0,,,,,,,,,,,,,,,,,,,,,,,,,,,,,,,,,,,,,,,,,,,,,,2,,,,,,,,,,,,,,,,,,,,,,,,,,,,,,,,,,,,,,,,,,,,,,,,,,,,,,,,,,0,,,,,,,,,,10558,13,102,Shyvana,0,2,6,0,18324,0,15572,0,5,3,0,2,True,0,0,False,False,False,False,False,False,0,8978,7825,0,JUNGLE,0,0,2,4646,3115,3020,0,0,0,3364,19,2,4,JUNGLE,0,2,1,460,90850,10993,11166,0,114,0,1,0,0,0,0,2,0,32035,1521,14316,0,0,0,NONE,80
0,0,1,0,0,1,,,,,,,,,,,,,,,,,,,,,,,,,,,,,,,,,,,,,,,,,,,,,,0,,,,,,,,,,,,,,,,,,,,,,,,,,,,,,,,,,,,,,,,,,,,,,,,,,,,,,,,,,0,,,,,,,,,,11912,14,268,Azir,0,0,3,221,221,221,9429,0,3,0,0,0,True,5,2,False,False,False,False,False,False,2,8225,8250,0,MIDDLE,0,0,2,1056,6653,3020,8020,0,0,3340,13,0,1,MIDDLE,0,0,1,595,92378,7276,12464,0,0,0,1,0,0,0,0,3,0,5069,107,4972,0,0,0,SOLO,34
0,1,3,0,0,0,,,,,,,,,,,,,,,,,,,,,,,,,,,,,,,,,,,,,,,,,,,,,,1,,,,,,,,,,,,,,,,,,,,,,,,,,,,,,,,,,,,,,,,,,,,,,,,,,,,,,,,,,2,,,,,,,,,,8690,12,81,Ezreal,0,6,1,4926,4926,4926,4159,0,5,0,1,0,True,3,0,False,False,False,False,False,False,2,9125,8990,0,BOTTOM,0,0,2,3508,2031,3042,3133,3158,1018,3363,20,1,4,BOTTOM,465,3,2,575,11478,4802,6651,0,0,0,1,0,0,0,2,4,0,74766,9415,8455,0,0,0,CARRY,155
0,1,3,0,0,0,,,,,,,,,,,,,,,,,,,,,,,,,,,,,,,,,,,,,,,,,,,,,,0,,,,,,,,,,,,,,,,,,,,,,,,,,,,,,,,,,,,,,,,,,,,,,,,,,,,,,,,,,1,,,,,,,,,,7527,11,161,Velkoz,0,1,5,800,800,800,4190,0,7,2,0,0,True,1,0,False,False,False,False,False,False,0,6760,6625,0,UTILITY,0,0,2,6655,3871,4628,1001,0,0,3364,17,0,2,BOTTOM,0,0,1,390,31457,12071,11215,0,0,0,1,0,0,0,2,5,0,3004,300,5673,0,0,0,SUPPORT,116
0,0,1,0,0,0,,,,,,,,,,,,,,,,,,,,,,,,,,,,,,,,,,,,,,,,,,,,,,1,,,,,,,,,,,,,,,,,,,,,,,,,,,,,,,,,,,,,,,,,,,,,,,,,,,,,,,,,,6,,,,,,,,,,13440,15,58,Renekton,0,1,1,14056,25647,14056,23158,0,2,0,0,0,True,3,0,False,True,False,True,False,False,0,13064,12350,0,TOP,1,2,0,6610,6692,3077,3053,3111,1028,3340,23,1,7,MIDDLE,318,6,1,1069,5547,1049,8005,0,8,0,0,1,0,0,4,6,0,174675,12456,17306,0,0,0,DUO,66
0,3,6,0,0,2,,,,,,,,,,,,,,,,,,,,,,,,,,,,,,,,,,,,,,,,,,,,,,2,,,,,,,,,,,,,,,,,,,,,,,,,,,,,,,,,,,,,,,,,,,,,,,,,,,,,,,,,,5,,,,,,,,,,10498,13,21,MissFortune,0,4,2,7645,14230,7645,6932,0,2,0,0,0,True,1,4,False,False,False,False,False,False,0,10474,9225,0,BOTTOM,0,1,0,6676,3142,1055,6701,2422,0,3340,15,2,5,BOTTOM,743,2,1,484,1844,826,8884,0,12,0,0,1,0,0,10,7,0,106329,14666,7612,0,0,0,CARRY,78
0,0,4,0,0,0,,,,,,,,,,,,,,,,,,,,,,,,,,,,,,,,,,,,,,,,,,,,,,2,,,,,,,,,,,,,,,,,,,,,,,,,,,,,,,,,,,,,,,,,,,,,,,,,,,,,,,,,,6,,,,,,,,,,13013,14,63,Brand,0,0,3,6747,18381,6747,5723,0,3,1,1,1,True,1,3,False,False,False,False,False,False,2,10244,9225,0,MIDDLE,0,0,0,1056,6653,3020,3116,4630,1026,3340,16,2,5,MIDDLE,0,3,2,775,109623,19816,8954,0,8,0,0,0,0,0,0,8,0,12111,442,3868,0,0,0,DUO,54
2,7,3,1,0,9,,,,,,,,,,,,,,,,,,,,,,,,,,,,,,,,,,,,,,,,,,,,,,1,,,,,,,,,,,,,,,,,,,,,,,,,,,,,,,,,,,,,,,,,,,,,,,,,,,,,,,,,,5,,,,,,,,,,11939,14,76,Nidalee,0,0,0,2928,29025,2928,10912,0,0,0,2,0,True,2,17,False,False,False,False,False,False,25,11292,10400,0,JUNGLE,1,1,0,4645,3100,3020,1058,1082,1058,3340,13,1,9,JUNGLE,0,9,2,0,138221,11790,7729,0,148,0,0,1,0,0,55,9,0,18859,1314,13544,1,0,0,NONE,220
0,2,11,0,0,0,,,,,,,,,,,,,,,,,,,,,,,,,,,,,,,,,,,,,,,,,,,,,,0,,,,,,,,,,,,,,,,,,,,,,,,,,,,,,,,,,,,,,,,,,,,,,,,,,,,,,,,,,4,,,,,,,,,,8210,11,143,Zyra,0,0,4,2703,8590,2703,3929,0,4,2,0,0,True,3,3,False,False,False,False,False,False,1,7576,6900,0,UTILITY,0,1,0,1052,1026,1011,3871,3020,6653,3364,18,0,0,BOTTOM,0,0,0,460,35843,11603,8161,0,0,1,0,1,0,0,4,10,0,3481,525,3942,0,0,0,SUPPORT,57
0,0,7,0,0,2,,,,,,,,,,,,,,,,,,,,,,,,,,,,,,,,,,,,,,,,,,,,,,2,,,,,,,,,,,,,,,,,,,,,,,,,,,,,,,,,,,,,,,,,,,,,,,,,,,,,,,,,,4,,,,,,,,,,16565,17,92,Riven,0,1,1,5233,5233,5233,29513,0,3,0,0,0,True,7,2,False,True,False,False,False,False,1,11925,11310,0,TOP,0,0,0,3161,6692,3047,6610,1036,0,3340,23,2,5,TOP,314,2,1,653,0,0,4950,0,0,0,0,1,0,0,3,1,0,136281,16457,17738,0,0,0,SOLO,272
0,2,11,0,0,0,,,,,,,,,,,,,,,,,,,,,,,,,,,,,,,,,,,,,,,,,,,,,,2,,,,,,,,,,,,,,,,,,,,,,,,,,,,,,,,,,,,,,,,,,,,,,,,,,,,,,,,,,3,,,,,,,,,,13445,15,421,RekSai,0,0,8,2869,54660,2869,26938,0,5,5,1,3,True,7,0,False,False,False,True,False,False,4,12239,14025,0,JUNGLE,0,1,0,3748,1037,3047,3071,2021,1028,3364,26,2,5,JUNGLE,0,3,2,964,19176,1763,16415,1,143,1,0,1,0,0,3,2,0,143022,7991,22891,0,0,0,NONE,209
0,1,10,0,0,4,,,,,,,,,,,,,,,,,,,,,,,,,,,,,,,,,,,,,,,,,,,,,,4,,,,,,,,,,,,,,,,,,,,,,,,,,,,,,,,,,,,,,,,,,,,,,,,,,,,,,,,,,8,,,,,,,,,,17636,17,166,Akshan,0,8,3,14186,18386,14186,12490,0,4,2,1,0,True,10,2,False,False,True,False,False,False,0,16034,15100,0,MIDDLE,0,1,0,3031,1053,6699,3047,3094,3095,3340,19,4,13,MIDDLE,708,4,2,631,16305,4216,10553,0,12,0,0,1,0,0,7,3,0,152962,23487,8157,1,0,0,SOLO,75
5,3,7,0,0,2,,,,,,,,,,,,,,,,,,,,,,,,,,,,,,,,,,,,,,,,,,,,,,2,,,,,,,,,,,,,,,,,,,,,,,,,,,,,,,,,,,,,,,,,,,,,,,,,,,,,,,,,,5,,,,,,,,,,13729,15,136,AurelionSol,0,7,7,3046,4587,3046,9282,0,6,3,1,0,True,12,0,False,False,False,False,False,False,0,12179,11175,0,BOTTOM,1,1,0,3116,6653,3040,1029,3158,3916,3363,27,2,7,BOTTOM,0,3,2,582,109658,22490,10995,3,1,0,0,1,0,0,30,4,0,3509,88,14319,7,0,0,CARRY,93
3,7,14,0,0,2,,,,,,,,,,,,,,,,,,,,,,,,,,,,,,,,,,,,,,,,,,,,,,2,,,,,,,,,,,,,,,,,,,,,,,,,,,,,,,,,,,,,,,,,,,,,,,,,,,,,,,,,,5,,,,,,,,,,12700,14,432,Bard,0,0,2,1717,1966,1717,15097,0,7,0,0,0,True,6,9,False,False,True,False,False,False,5,10458,8700,0,UTILITY,0,0,0,3871,3009,3100,3110,3086,2015,3364,19,2,5,BOTTOM,174,3,1,329,31206,14376,14329,0,1,0,0,1,0,0,39,5,0,7422,3519,12781,0,0,0,SUPPORT,52
0,0,5,0,0,0,,,,,,,,,,,,,,,,,,,,,,,,,,,,,,,,,,,,,,,,,,,,,,0,,,,,,,,,,,,,,,,,,,,,,,,,,,,,,,,,,,,,,,,,,,,,,,,,,,,,,,,,,2,,,,,,,,,,16582,17,41,Gangplank,0,1,4,6566,9464,6566,17591,0,7,1,0,0,True,1,0,False,False,False,False,False,False,0,12517,11050,0,TOP,0,0,1,3158,2031,3508,6676,6675,0,3340,16,0,1,TOP,1134,0,1,512,14051,5838,3729,0,8,0,1,0,0,0,0,6,0,224161,11720,19226,0,0,0,SOLO,174
0,11,8,0,0,0,,,,,,,,,,,,,,,,,,,,,,,,,,,,,,,,,,,,,,,,,,,,,,3,,,,,,,,,,,,,,,,,,,,,,,,,,,,,,,,,,,,,,,,,,,,,,,,,,,,,,,,,,2,,,,,,,,,,16039,16,76,Nidalee,0,0,0,656,21450,656,26418,0,6,0,0,1,True,4,10,False,False,False,False,False,False,18,14772,14750,0,JUNGLE,0,0,1,4645,3157,3100,3020,3089,0,3364,16,3,9,JUNGLE,0,4,1,511,226287,31821,15477,0,192,0,1,0,0,0,57,7,0,22326,1169,22194,3,0,0,NONE,285
0,0,3,0,0,0,,,,,,,,,,,,,,,,,,,,,,,,,,,,,,,,,,,,,,,,,,,,,,2,,,,,,,,,,,,,,,,,,,,,,,,,,,,,,,,,,,,,,,,,,,,,,,,,,,,,,,,,,0,,,,,,,,,,14067,15,238,Zed,0,0,3,526,760,526,16782,0,10,0,0,0,True,5,0,False,False,False,False,False,False,3,11111,10950,0,MIDDLE,0,0,1,6699,6694,6698,3158,1036,0,3364,25,2,7,MIDDLE,0,3,1,633,8526,893,4683,0,0,0,1,0,0,0,1,8,0,119461,16029,19557,0,0,0,SOLO,89
0,2,16,0,0,0,,,,,,,,,,,,,,,,,,,,,,,,,,,,,,,,,,,,,,,,,,,,,,0,,,,,,,,,,,,,,,,,,,,,,,,,,,,,,,,,,,,,,,,,,,,,,,,,,,,,,,,,,3,,,,,,,,,,11054,13,350,Yuumi,0,13,4,828,954,828,6894,0,5,1,0,0,True,0,0,False,False,False,False,False,False,0,8546,8250,0,UTILITY,0,0,1,3870,3222,6616,3916,0,6617,3364,19,0,1,BOTTOM,16,0,1,1029,21169,8443,5964,0,0,0,1,0,0,0,5,9,0,6147,876,6545,0,0,0,SUPPORT,120
0,0,3,0,0,0,,,,,,,,,,,,,,,,,,,,,,,,,,,,,,,,,,,,,,,,,,,,,,1,,,,,,,,,,,,,,,,,,,,,,,,,,,,,,,,,,,,,,,,,,,,,,,,,,,,,,,,,,1,,,,,,,,,,11379,13,81,Ezreal,0,0,2,2995,3779,2995,11240,0,7,1,1,0,True,4,1,False,False,False,False,False,False,0,12011,11575,0,BOTTOM,0,0,1,6675,3508,3042,1055,3134,3158,3363,25,1,7,BOTTOM,569,5,2,1024,20484,9035,16845,0,4,0,1,0,0,0,0,10,0,118691,14628,6132,0,0,0,CARRY,202
0,1,2,0,0,0,,,,,,,,,,,,,,,,,,,,,,,,,,,,,,,,,,,,,,,,,,,,,,3,,,,,,,,,,,,,,,,,,,,,,,,,,,,,,,,,,,,,,,,,,,,,,,,,,,,,,,,,,1,,,,,,,,,,17510,17,86,Garen,0,4,1,4093,16382,4093,55798,0,11,0,1,0,True,0,4,False,True,False,True,False,False,0,16376,15133,0,TOP,0,0,1,1057,6631,3006,3078,3181,3053,3363,23,3,10,JUNGLE,0,3,2,458,0,0,25497,0,4,0,1,0,0,0,19,1,0,192811,28464,19480,0,0,0,NONE,113
0,17,5,0,0,0,,,,,,,,,,,,,,,,,,,,,,,,,,,,,,,,,,,,,,,,,,,,,,2,,,,,,,,,,,,,,,,,,,,,,,,,,,,,,,,,,,,,,,,,,,,,,,,,,,,,,,,,,0,,,,,,,,,,16108,16,76,Nidalee,0,1,1,0,39274,0,21249,0,5,1,0,3,True,7,18,False,False,False,False,False,False,24,12957,11755,0,JUNGLE,0,0,1,4645,3102,3020,3100,1082,1052,3364,20,2,6,JUNGLE,0,3,1,752,205273,19111,15211,0,184,0,1,0,0,0,82,2,0,23495,1462,21570,3,0,0,NONE,298
0,2,5,1,0,0,,,,,,,,,,,,,,,,,,,,,,,,,,,,,,,,,,,,,,,,,,,,,,0,,,,,,,,,,,,,,,,,,,,,,,,,,,,,,,,,,,,,,,,,,,,,,,,,,,,,,,,,,1,,,,,,,,,,15829,16,45,Veigar,0,8,5,1912,13714,1912,17038,0,4,2,0,0,True,2,0,False,False,False,False,False,False,0,11202,10425,0,MIDDLE,0,0,1,2055,1056,3020,3102,3040,2504,3340,15,0,0,MIDDLE,0,0,0,1036,147812,7117,10577,0,8,0,1,0,0,0,4,3,0,11477,472,5502,0,0,0,SOLO,179
0,1,8,0,0,0,,,,,,,,,,,,,,,,,,,,,,,,,,,,,,,,,,,,,,,,,,,,,,0,,,,,,,,,,,,,,,,,,,,,,,,,,,,,,,,,,,,,,,,,,,,,,,,,,,,,,,,,,1,,,,,,,,,,16104,16,21,MissFortune,0,2,1,2666,4581,2666,6254,0,4,0,0,0,True,1,0,False,False,False,False,False,False,7,12706,12700,0,BOTTOM,0,0,1,3142,3009,6676,3814,3036,0,3340,20,0,2,BOTTOM,783,0,1,746,3262,762,10032,0,4,0,1,0,0,0,3,4,0,149870,12467,6683,0,0,0,CARRY,108
0,3,7,0,0,0,,,,,,,,,,,,,,,,,,,,,,,,,,,,,,,,,,,,,,,,,,,,,,0,,,,,,,,,,,,,,,,,,,,,,,,,,,,,,,,,,,,,,,,,,,,,,,,,,,,,,,,,,0,,,,,,,,,,9804,12,143,Zyra,0,4,6,255,8599,255,6526,0,7,3,0,0,True,2,12,False,False,False,False,False,False,2,8753,8610,0,UTILITY,0,0,1,3020,3871,2055,6653,3102,1028,3364,21,0,2,BOTTOM,0,0,1,819,41661,17984,9617,0,0,0,1,0,0,0,2,5,0,4735,1282,6259,0,0,0,SUPPORT,82
1,14,5,0,0,1,,,,,,,,,,,,,,,,,,,,,,,,,,,,,,,,,,,,,,,,,,,,,,2,,,,,,,,,,,,,,,,,,,,,,,,,,,,,,,,,,,,,,,,,,,,,,,,,,,,,,,,,,5,,,,,,,,,,20308,18,54,Malphite,0,9,3,5411,7571,5411,82697,0,7,1,0,0,True,1,1,False,False,False,False,False,False,5,15293,13825,0,TOP,1,1,0,3068,6662,6665,3111,4645,1029,3340,24,2,9,TOP,0,3,1,684,106506,12889,16040,2,3,0,0,1,0,0,15,6,0,95844,11499,21617,0,0,0,SOLO,73
0,6,7,1,0,0,,,,,,,,,,,,,,,,,,,,,,,,,,,,,,,,,,,,,,,,,,,,,,2,,,,,,,,,,,,,,,,,,,,,,,,,,,,,,,,,,,,,,,,,,,,,,,,,,,,,,,,,,0,,,,,,,,,,18493,18,131,Diana,0,24,4,0,48580,0,35302,0,3,4,0,2,True,1,0,False,False,False,False,False,False,0,14175,13400,0,JUNGLE,0,0,0,3089,3157,3020,3100,1058,1082,3364,21,2,5,JUNGLE,0,3,1,1230,286455,12722,6668,0,227,0,0,0,0,0,41,7,0,36659,2093,16465,0,0,0,NONE,128
3,12,5,0,0,0,,,,,,,,,,,,,,,,,,,,,,,,,,,,,,,,,,,,,,,,,,,,,,2,,,,,,,,,,,,,,,,,,,,,,,,,,,,,,,,,,,,,,,,,,,,,,,,,,,,,,,,,,2,,,,,,,,,,19520,18,38,Kassadin,0,0,2,5146,6957,5146,14764,0,2,0,1,0,True,4,0,False,False,False,False,False,False,5,15803,14750,0,MIDDLE,0,0,0,3040,3135,3118,3020,3089,1058,3364,19,2,8,MIDDLE,0,5,2,1176,161257,24107,9388,0,0,0,0,0,0,0,34,8,0,18732,1584,10875,0,0,0,SOLO,80
1,5,3,0,0,3,,,,,,,,,,,,,,,,,,,,,,,,,,,,,,,,,,,,,,,,,,,,,,1,,,,,,,,,,,,,,,,,,,,,,,,,,,,,,,,,,,,,,,,,,,,,,,,,,,,,,,,,,5,,,,,,,,,,14827,16,67,Vayne,0,24,3,10005,20821,10005,6292,0,5,2,1,0,True,17,1,False,False,False,False,False,False,0,13248,10800,0,BOTTOM,0,1,0,3006,3142,3508,3095,1036,1055,3363,29,1,5,BOTTOM,602,3,2,629,6225,1010,11131,0,3,1,0,1,0,0,20,9,0,126389,12476,8189,0,0,0,CARRY,193
0,0,7,0,0,0,,,,,,,,,,,,,,,,,,,,,,,,,,,,,,,,,,,,,,,,,,,,,,2,,,,,,,,,,,,,,,,,,,,,,,,,,,,,,,,,,,,,,,,,,,,,,,,,,,,,,,,,,6,,,,,,,,,,12365,14,910,Hwei,0,5,6,4214,6529,4214,8332,0,3,3,0,0,True,2,3,False,False,False,False,False,False,0,11302,10750,0,UTILITY,0,1,0,3871,2055,3020,4628,4645,4646,3364,22,2,4,BOTTOM,0,2,1,1000,74593,16631,5355,0,0,0,0,1,0,0,0,10,0,7058,659,8863,0,0,0,SUPPORT,101
6,18,1,0,0,0,,,,,,,,,,,,,,,,,,,,,,,,,,,,,,,,,,,,,,,,,,,,,,3,,,,,,,,,,,,,,,,,,,,,,,,,,,,,,,,,,,,,,,,,,,,,,,,,,,,,,,,,,8,,,,,,,,,,18207,17,2,Olaf,0,12,3,17458,20367,17458,49293,0,7,0,3,0,True,0,9,False,False,False,False,False,False,1,17297,15810,0,TOP,1,1,0,3156,3074,3073,3047,3123,6333,3340,25,3,11,JUNGLE,0,5,2,383,0,0,12255,0,4,1,0,1,0,0,17,1,0,185506,29440,19517,0,0,0,NONE,91
1,2,14,1,0,2,,,,,,,,,,,,,,,,,,,,,,,,,,,,,,,,,,,,,,,,,,,,,,2,,,,,,,,,,,,,,,,,,,,,,,,,,,,,,,,,,,,,,,,,,,,,,,,,,,,,,,,,,2,,,,,,,,,,14540,15,76,Nidalee,0,5,0,824,31783,824,17541,0,5,0,0,0,True,6,5,False,True,False,False,False,False,37,11833,11150,0,JUNGLE,0,0,0,4645,3157,3020,1082,3100,0,3364,15,2,5,JUNGLE,0,2,1,676,155010,15317,12650,0,141,0,0,0,0,0,109,2,0,18856,1302,19992,0,0,0,NONE,246
0,3,7,0,0,4,,,,,,,,,,,,,,,,,,,,,,,,,,,,,,,,,,,,,,,,,,,,,,2,,,,,,,,,,,,,,,,,,,,,,,,,,,,,,,,,,,,,,,,,,,,,,,,,,,,,,,,,,1,,,,,,,,,,13819,15,79,Gragas,0,7,2,3787,17560,3787,18968,0,6,0,1,1,True,19,7,True,False,False,False,False,False,3,11211,11200,0,MIDDLE,0,0,0,3100,3916,3020,4645,1058,1058,3340,18,2,7,MIDDLE,0,4,2,298,126037,22285,10513,0,12,0,0,0,0,0,13,3,0,13915,2137,14277,6,0,0,SOLO,181
0,0,8,0,0,4,,,,,,,,,,,,,,,,,,,,,,,,,,,,,,,,,,,,,,,,,,,,,,2,,,,,,,,,,,,,,,,,,,,,,,,,,,,,,,,,,,,,,,,,,,,,,,,,,,,,,,,,,2,,,,,,,,,,14277,15,67,Vayne,0,0,3,3259,24377,3259,16590,0,4,0,2,0,True,1,4,False,False,False,False,False,False,0,11992,11000,0,BOTTOM,0,0,0,1055,3153,3111,3091,3302,1029,3340,24,2,8,BOTTOM,0,4,2,671,16839,2976,9503,0,8,0,0,1,0,0,3,4,0,91293,17693,13457,0,0,0,CARRY,181
0,1,5,0,0,2,,,,,,,,,,,,,,,,,,,,,,,,,,,,,,,,,,,,,,,,,,,,,,1,,,,,,,,,,,,,,,,,,,,,,,,,,,,,,,,,,,,,,,,,,,,,,,,,,,,,,,,,,2,,,,,,,,,,9394,12,555,Pyke,0,5,4,2382,6113,2382,12554,0,7,1,1,0,True,6,1,False,False,False,False,False,False,0,8898,8575,0,UTILITY,0,0,0,3869,3117,3179,3814,3155,0,3364,22,1,4,BOTTOM,0,2,2,470,0,0,5575,0,0,0,0,0,0,0,1,5,0,16862,4849,12978,0,0,0,SUPPORT,61
1,12,5,0,0,0,,,,,,,,,,,,,,,,,,,,,,,,,,,,,,,,,,,,,,,,,,,,,,0,,,,,,,,,,,,,,,,,,,,,,,,,,,,,,,,,,,,,,,,,,,,,,,,,,,,,,,,,,0,,,,,,,,,,12554,14,233,Briar,0,3,1,119,387,119,30686,0,11,0,0,0,True,10,1,False,False,False,False,False,False,0,9199,9050,0,TOP,0,0,1,6610,6692,3123,3047,1028,1036,3340,22,0,4,TOP,372,0,1,596,12919,5200,10996,1,0,0,1,0,0,0,33,6,0,97675,15762,21941,0,0,0,DUO,41
0,5,4,0,0,0,,,,,,,,,,,,,,,,,,,,,,,,,,,,,,,,,,,,,,,,,,,,,,1,,,,,,,,,,,,,,,,,,,,,,,,,,,,,,,,,,,,,,,,,,,,,,,,,,,,,,,,,,0,,,,,,,,,,11341,13,245,Ekko,0,0,2,690,26069,690,17582,0,5,0,0,3,True,7,5,False,False,False,False,False,False,1,10595,9625,0,JUNGLE,0,0,1,3115,1082,4632,3100,3020,0,3364,19,1,8,JUNGLE,0,5,1,813,126784,10387,11777,1,131,0,1,0,1,0,8,7,0,22366,1372,16571,0,0,0,NONE,94
0,0,5,0,0,1,,,,,,,,,,,,,,,,,,,,,,,,,,,,,,,,,,,,,,,,,,,,,,2,,,,,,,,,,,,,,,,,,,,,,,,,,,,,,,,,,,,,,,,,,,,,,,,,,,,,,,,,,1,,,,,,,,,,12661,14,84,Akali,0,4,1,2006,4336,2006,14607,0,9,0,1,0,True,7,9,False,False,False,True,False,False,0,11943,11800,0,MIDDLE,0,0,1,4645,3100,3020,3102,1052,1052,3364,25,2,9,TOP,0,3,2,489,96375,23708,6293,0,0,0,1,0,0,0,12,8,0,10383,1699,19404,0,0,0,DUO,148
0,3,9,0,0,0,,,,,,,,,,,,,,,,,,,,,,,,,,,,,,,,,,,,,,,,,,,,,,1,,,,,,,,,,,,,,,,,,,,,,,,,,,,,,,,,,,,,,,,,,,,,,,,,,,,,,,,,,2,,,,,,,,,,12614,14,222,Jinx,0,0,5,6573,11588,6573,8363,0,6,3,0,0,True,2,0,False,False,False,False,False,False,0,12740,12575,0,BOTTOM,0,0,1,3031,6672,3006,3035,3085,0,3363,25,1,6,BOTTOM,575,6,1,564,7393,1144,5991,0,24,0,1,0,0,0,10,9,0,181004,30601,12315,0,0,0,CARRY,286
0,0,13,0,0,0,,,,,,,,,,,,,,,,,,,,,,,,,,,,,,,,,,,,,,,,,,,,,,1,,,,,,,,,,,,,,,,,,,,,,,,,,,,,,,,,,,,,,,,,,,,,,,,,,,,,,,,,,2,,,,,,,,,,9150,12,497,Rakan,0,4,10,1025,2165,1025,29581,0,5,3,0,0,True,3,0,False,False,False,False,False,False,0,8031,7700,0,UTILITY,0,0,1,3876,3190,3076,3158,3002,1029,3364,25,1,2,BOTTOM,0,2,1,625,13778,5904,7609,1,0,0,1,0,0,0,0,10,0,6136,1202,13654,0,0,0,SUPPORT,49
0,2,7,0,0,0,,,,,,,,,,,,,,,,,,,,,,,,,,,,,,,,,,,,,,,,,,,,,,1,,,,,,,,,,,,,,,,,,,,,,,,,,,,,,,,,,,,,,,,,,,,,,,,,,,,,,,,,,4,,,,,,,,,,18540,18,14,Sion,0,20,3,10444,10531,10444,172443,0,7,1,0,0,True,0,0,False,False,False,False,False,False,5,15388,14025,0,TOP,0,0,3,3748,2504,3111,2502,6664,3076,3364,19,1,4,TOP,4,3,1,967,88585,16342,39105,0,4,0,1,0,0,0,12,1,0,130953,14874,26662,0,0,0,SOLO,92
1,5,8,0,0,0,,,,,,,,,,,,,,,,,,,,,,,,,,,,,,,,,,,,,,,,,,,,,,1,,,,,,,,,,,,,,,,,,,,,,,,,,,,,,,,,,,,,,,,,,,,,,,,,,,,,,,,,,0,,,,,,,,,,14640,15,9,FiddleSticks,0,2,1,0,26351,0,19972,0,12,0,0,1,True,7,2,False,False,False,False,False,False,1,13007,12200,0,JUNGLE,0,0,3,3020,3118,4645,3135,1058,1033,3330,19,1,5,JUNGLE,0,2,1,706,192360,17439,31278,0,160,0,1,0,0,0,12,2,0,6355,69,18293,0,0,0,NONE,87
0,1,10,0,0,0,,,,,,,,,,,,,,,,,,,,,,,,,,,,,,,,,,,,,,,,,,,,,,1,,,,,,,,,,,,,,,,,,,,,,,,,,,,,,,,,,,,,,,,,,,,,,,,,,,,,,,,,,3,,,,,,,,,,17387,17,103,Ahri,0,7,5,5120,5120,5120,24901,0,9,2,0,0,True,1,0,False,False,False,False,False,False,0,13296,12325,0,MIDDLE,0,0,3,2504,3118,3100,3158,1052,1058,3364,22,1,4,MIDDLE,0,2,1,572,100020,19509,20990,0,0,0,1,0,0,0,1,3,0,23598,2787,9514,0,0,0,SOLO,103
0,1,6,0,0,0,,,,,,,,,,,,,,,,,,,,,,,,,,,,,,,,,,,,,,,,,,,,,,2,,,,,,,,,,,,,,,,,,,,,,,,,,,,,,,,,,,,,,,,,,,,,,,,,,,,,,,,,,0,,,,,,,,,,16004,16,81,Ezreal,0,2,1,171,4073,171,13694,0,8,0,2,0,True,7,0,False,False,False,False,False,False,0,15708,14137,0,BOTTOM,0,0,3,3161,3508,3158,3042,3156,2020,3363,24,2,10,BOTTOM,726,6,2,1135,31317,11971,18739,2,0,0,1,0,0,0,5,4,0,162410,31072,7268,0,0,0,CARRY,353
2,5,9,0,0,0,,,,,,,,,,,,,,,,,,,,,,,,,,,,,,,,,,,,,,,,,,,,,,0,,,,,,,,,,,,,,,,,,,,,,,,,,,,,,,,,,,,,,,,,,,,,,,,,,,,,,,,,,0,,,,,,,,,,12574,14,22,Ashe,0,10,8,850,850,850,7524,0,13,6,0,0,True,6,2,False,False,False,False,False,False,0,11382,10750,0,UTILITY,0,0,3,3871,3118,3179,4005,3147,3158,3364,31,0,3,BOTTOM,139,0,1,329,10547,8084,18610,2,9,0,1,0,0,0,2,5,0,42481,11083,6153,0,0,0,SUPPORT,16
0,11,12,0,0,5,,,,,,,,,,,,,,,,,,,,,,,,,,,,,,,,,,,,,,,,,,,,,,3,,,,,,,,,,,,,,,,,,,,,,,,,,,,,,,,,,,,,,,,,,,,,,,,,,,,,,,,,,7,,,,,,,,,,23418,18,887,Gwen,0,20,7,20084,36153,20084,56195,0,7,1,1,0,True,8,11,False,False,False,False,False,False,0,19472,17875,0,TOP,1,3,0,3089,3111,3115,4633,3102,4645,3364,29,3,11,JUNGLE,0,5,2,373,221532,48589,19503,0,18,0,0,0,1,0,6,6,0,58877,9442,27609,0,0,0,NONE,154
3,22,15,2,0,2,,,,,,,,,,,,,,,,,,,,,,,,,,,,,,,,,,,,,,,,,,,,,,4,,,,,,,,,,,,,,,,,,,,,,,,,,,,,,,,,,,,,,,,,,,,,,,,,,,,,,,,,,2,,,,,,,,,,20411,18,76,Nidalee,0,2,1,1082,72824,1082,27196,0,5,1,0,4,True,6,9,True,False,False,False,False,False,29,17305,16125,0,JUNGLE,2,2,0,4645,3100,3089,3135,1052,3020,3364,21,4,13,JUNGLE,0,4,1,609,237667,29387,18096,1,189,0,0,1,1,1,87,7,0,25750,2069,28193,0,0,0,NONE,315
1,8,10,0,0,4,,,,,,,,,,,,,,,,,,,,,,,,,,,,,,,,,,,,,,,,,,,,,,2,,,,,,,,,,,,,,,,,,,,,,,,,,,,,,,,,,,,,,,,,,,,,,,,,,,,,,,,,,1,,,,,,,,,,23690,18,7,Leblanc,0,0,4,3053,3053,3053,20554,0,5,2,2,0,True,19,9,False,False,False,False,False,False,5,18666,29450,0,MIDDLE,0,0,0,6676,6672,3124,3115,3020,0,3364,30,2,16,MIDDLE,0,11,4,531,179206,39671,14646,0,6,0,0,0,0,0,19,8,0,23272,2460,14539,0,1,0,SOLO,149
1,2,16,0,0,4,,,,,,,,,,,,,,,,,,,,,,,,,,,,,,,,,,,,,,,,,,,,,,2,,,,,,,,,,,,,,,,,,,,,,,,,,,,,,,,,,,,,,,,,,,,,,,,,,,,,,,,,,5,,,,,,,,,,18748,18,235,Senna,0,0,1,5273,24547,5273,12668,0,3,0,1,0,True,11,3,False,True,False,False,False,False,3,15515,14350,0,BOTTOM,0,2,0,3142,3031,3009,3814,3094,3035,3340,22,2,7,BOTTOM,833,4,2,956,1586,220,10090,0,3,1,0,1,0,0,18,9,0,170354,20594,12831,2,0,0,CARRY,98
3,6,17,0,0,0,,,,,,,,,,,,,,,,,,,,,,,,,,,,,,,,,,,,,,,,,,,,,,0,,,,,,,,,,,,,,,,,,,,,,,,,,,,,,,,,,,,,,,,,,,,,,,,,,,,,,,,,,1,,,,,,,,,,13264,15,89,Leona,0,6,10,148,3710,148,61367,0,6,6,0,0,True,4,1,True,False,False,False,False,False,2,10041,8800,0,UTILITY,0,1,0,3111,3876,3190,2055,3050,3109,3364,30,0,2,BOTTOM,0,0,1,572,18429,7278,15268,0,0,0,0,0,0,0,22,10,0,10791,3764,20414,0,0,0,SUPPORT,71
0,1,1,0,0,0,,,,,,,,,,,,,,,,,,,,,,,,,,,,,,,,,,,,,,,,,,,,,,0,,,,,,,,,,,,,,,,,,,,,,,,,,,,,,,,,,,,,,,,,,,,,,,,,,,,,,,,,,2,,,,,,,,,,12632,14,92,Riven,0,2,1,3476,6770,3476,18334,0,6,0,0,0,True,0,0,False,False,False,True,False,False,2,8141,8000,0,TOP,0,0,3,6692,6610,1036,3047,0,0,3340,22,0,0,TOP,219,0,0,563,0,0,3066,0,4,0,1,0,0,0,2,1,0,104977,8824,15298,1,0,0,SOLO,266
2,6,2,0,0,0,,,,,,,,,,,,,,,,,,,,,,,,,,,,,,,,,,,,,,,,,,,,,,1,,,,,,,,,,,,,,,,,,,,,,,,,,,,,,,,,,,,,,,,,,,,,,,,,,,,,,,,,,0,,,,,,,,,,10716,13,76,Nidalee,0,1,0,0,23659,0,15787,0,6,0,0,1,True,18,11,False,False,False,False,False,False,25,11170,9690,0,JUNGLE,0,0,3,4645,3100,1082,3020,1052,1058,3364,13,1,7,JUNGLE,0,4,1,576,144270,15143,6371,0,147,0,1,0,0,0,81,2,0,14425,1120,23444,0,0,0,NONE,208
0,0,1,0,0,0,,,,,,,,,,,,,,,,,,,,,,,,,,,,,,,,,,,,,,,,,,,,,,0,,,,,,,,,,,,,,,,,,,,,,,,,,,,,,,,,,,,,,,,,,,,,,,,,,,,,,,,,,2,,,,,,,,,,13232,15,777,Yone,0,5,2,7703,10037,7703,18682,0,8,0,0,0,True,8,1,False,False,False,False,False,False,13,11135,11300,0,MIDDLE,0,0,3,6672,3031,3006,3153,0,0,3340,23,0,4,MIDDLE,444,0,1,650,21655,2515,3938,0,4,0,1,0,0,0,5,3,0,126305,9231,18855,0,0,0,SOLO,221
0,1,6,0,0,0,,,,,,,,,,,,,,,,,,,,,,,,,,,,,,,,,,,,,,,,,,,,,,2,,,,,,,,,,,,,,,,,,,,,,,,,,,,,,,,,,,,,,,,,,,,,,,,,,,,,,,,,,1,,,,,,,,,,11413,13,360,Samira,0,12,6,2274,5197,2274,14058,0,9,2,3,0,True,7,1,False,False,False,False,False,False,4,13897,13725,0,BOTTOM,0,0,3,3031,3047,6673,0,6676,3143,3363,30,2,9,BOTTOM,634,3,3,316,8192,2954,8568,0,4,0,1,0,0,0,8,4,0,109370,18397,12960,0,0,0,CARRY,159
0,4,14,0,0,0,,,,,,,,,,,,,,,,,,,,,,,,,,,,,,,,,,,,,,,,,,,,,,0,,,,,,,,,,,,,,,,,,,,,,,,,,,,,,,,,,,,,,,,,,,,,,,,,,,,,,,,,,1,,,,,,,,,,10347,13,267,Nami,0,13,9,888,1980,888,6079,0,6,5,0,0,True,8,0,False,False,False,False,False,False,0,8050,7525,0,UTILITY,0,0,3,3871,2055,4005,3158,6616,4642,3364,26,0,1,BOTTOM,0,0,1,440,17610,8971,6389,0,0,0,1,0,0,0,3,5,0,6075,1450,7934,0,0,0,SUPPORT,22
4,9,2,0,0,1,,,,,,,,,,,,,,,,,,,,,,,,,,,,,,,,,,,,,,,,,,,,,,1,,,,,,,,,,,,,,,,,,,,,,,,,,,,,,,,,,,,,,,,,,,,,,,,,,,,,,,,,,5,,,,,,,,,,17077,17,122,Darius,0,8,5,10734,19591,10734,27171,0,2,1,0,0,True,21,1,False,False,False,False,False,False,3,13361,11408,0,TOP,0,1,0,1055,3053,3078,3742,1036,3047,3363,25,1,4,TOP,0,2,1,1028,0,0,3769,0,8,1,0,1,0,0,7,6,0,169380,10200,17529,0,0,0,SOLO,68
1,4,10,1,0,0,,,,,,,,,,,,,,,,,,,,,,,,,,,,,,,,,,,,,,,,,,,,,,0,,,,,,,,,,,,,,,,,,,,,,,,,,,,,,,,,,,,,,,,,,,,,,,,,,,,,,,,,,3,,,,,,,,,,12518,14,63,Brand,0,4,1,695,32719,695,12498,0,6,0,0,2,True,1,0,False,False,False,False,False,False,0,9865,9750,0,JUNGLE,1,1,0,6653,2421,3020,3116,1058,0,3364,17,0,3,JUNGLE,0,0,1,620,126996,10887,9464,1,148,0,0,0,0,0,10,7,0,17762,712,19339,0,0,0,NONE,105
1,4,3,0,0,8,,,,,,,,,,,,,,,,,,,,,,,,,,,,,,,,,,,,,,,,,,,,,,3,,,,,,,,,,,,,,,,,,,,,,,,,,,,,,,,,,,,,,,,,,,,,,,,,,,,,,,,,,4,,,,,,,,,,15673,16,166,Akshan,0,4,6,8058,21974,8058,12184,0,4,2,5,0,True,2,1,False,False,False,False,False,False,5,15636,14100,0,MIDDLE,2,3,0,3153,6676,6672,0,3006,6699,3363,23,3,19,MIDDLE,539,8,3,630,9302,3826,5245,0,0,0,0,1,0,0,4,8,0,128716,26739,11493,1,0,0,SOLO,79
0,0,13,0,0,1,,,,,,,,,,,,,,,,,,,,,,,,,,,,,,,,,,,,,,,,,,,,,,2,,,,,,,,,,,,,,,,,,,,,,,,,,,,,,,,,,,,,,,,,,,,,,,,,,,,,,,,,,4,,,,,,,,,,14742,16,202,Jhin,0,7,1,5123,12162,5123,5561,0,6,0,0,1,True,0,6,True,False,False,False,False,False,0,12995,11600,0,BOTTOM,0,1,0,3031,3009,3095,6676,2015,0,3363,21,2,7,BOTTOM,1522,2,1,434,7436,785,5249,0,4,0,0,1,0,0,5,9,0,133167,17532,9256,0,0,0,CARRY,66
0,16,20,0,0,0,,,,,,,,,,,,,,,,,,,,,,,,,,,,,,,,,,,,,,,,,,,,,,1,,,,,,,,,,,,,,,,,,,,,,,,,,,,,,,,,,,,,,,,,,,,,,,,,,,,,,,,,,1,,,,,,,,,,11192,13,57,Maokai,0,7,11,145,2136,145,18728,0,3,8,0,0,True,4,7,False,True,False,False,False,False,0,8851,7100,0,UTILITY,0,2,0,3876,3190,0,1028,3002,3009,3364,24,1,2,BOTTOM,0,2,1,727,20492,10274,8981,1,0,0,0,1,0,0,7,10,0,4378,1263,12098,1,0,0,SUPPORT,47
0,2,5,0,0,0,,,,,,,,,,,,,,,,,,,,,,,,,,,,,,,,,,,,,,,,,,,,,,0,,,,,,,,,,,,,,,,,,,,,,,,,,,,,,,,,,,,,,,,,,,,,,,,,,,,,,,,,,2,,,,,,,,,,15805,16,54,Malphite,0,6,6,3007,5727,3007,55002,0,3,1,0,0,True,11,2,False,False,False,False,False,False,0,11749,11725,0,TOP,0,0,2,1011,3047,3110,3075,2504,3082,3364,28,0,2,JUNGLE,38,0,1,921,86378,19644,16075,0,2,0,1,0,0,0,5,1,0,62615,5066,9700,1,0,0,NONE,90
0,2,4,0,0,0,,,,,,,,,,,,,,,,,,,,,,,,,,,,,,,,,,,,,,,,,,,,,,3,,,,,,,,,,,,,,,,,,,,,,,,,,,,,,,,,,,,,,,,,,,,,,,,,,,,,,,,,,2,,,,,,,,,,14644,15,56,Nocturne,0,8,4,4986,40645,4986,43226,0,8,3,2,1,True,1,8,False,False,False,False,False,False,9,15746,15125,0,JUNGLE,1,1,2,6698,3111,2504,3156,3026,2021,3364,25,3,9,JUNGLE,0,3,2,648,2684,1804,10574,0,143,0,1,0,0,0,2,2,0,209762,22282,27609,5,0,0,NONE,111
0,0,8,0,0,0,,,,,,,,,,,,,,,,,,,,,,,,,,,,,,,,,,,,,,,,,,,,,,0,,,,,,,,,,,,,,,,,,,,,,,,,,,,,,,,,,,,,,,,,,,,,,,,,,,,,,,,,,2,,,,,,,,,,16235,16,74,Heimerdinger,0,1,2,3793,4055,3793,13774,0,10,0,0,0,True,5,6,False,False,False,False,False,False,1,12002,11830,0,MIDDLE,0,0,2,3070,6653,3116,3111,3102,1058,3340,22,0,2,MIDDLE,0,0,1,456,131701,30448,19977,0,4,0,1,0,0,0,4,3,0,15666,1060,9299,0,0,0,SOLO,93
0,1,5,0,0,0,,,,,,,,,,,,,,,,,,,,,,,,,,,,,,,,,,,,,,,,,,,,,,3,,,,,,,,,,,,,,,,,,,,,,,,,,,,,,,,,,,,,,,,,,,,,,,,,,,,,,,,,,3,,,,,,,,,,12638,14,67,Vayne,0,6,8,5798,14163,5798,24917,0,10,4,2,0,True,9,20,False,True,False,True,False,False,0,14733,13975,0,BOTTOM,0,0,2,3124,1055,3006,6672,3302,3065,3363,28,3,8,BOTTOM,382,2,2,416,21965,4004,17087,1,14,0,1,0,0,0,30,4,0,157570,24932,18588,0,0,0,CARRY,287
0,0,15,0,0,0,,,,,,,,,,,,,,,,,,,,,,,,,,,,,,,,,,,,,,,,,,,,,,0,,,,,,,,,,,,,,,,,,,,,,,,,,,,,,,,,,,,,,,,,,,,,,,,,,,,,,,,,,3,,,,,,,,,,12373,14,350,Yuumi,0,0,5,713,713,713,5175,0,6,2,0,0,True,5,1,True,False,True,False,False,False,1,8514,8425,0,UTILITY,0,0,2,6617,3870,3222,2055,3504,4642,3364,26,0,0,BOTTOM,22,0,0,690,15347,11397,4902,0,0,0,1,0,0,0,1,5,0,3149,663,7078,0,0,0,SUPPORT,74
0,16,7,0,0,1,,,,,,,,,,,,,,,,,,,,,,,,,,,,,,,,,,,,,,,,,,,,,,1,,,,,,,,,,,,,,,,,,,,,,,,,,,,,,,,,,,,,,,,,,,,,,,,,,,,,,,,,,3,,,,,,,,,,18260,17,266,Aatrox,0,9,1,5122,12267,5122,32195,0,2,0,1,0,True,10,0,False,False,False,False,False,False,0,14053,12300,0,TOP,0,0,1,3053,6698,6610,3111,1036,3123,3340,21,1,6,TOP,572,4,2,1260,9535,2484,14914,0,16,0,0,1,0,0,11,6,0,199692,21612,23682,0,0,0,SOLO,217
1,15,13,1,0,0,,,,,,,,,,,,,,,,,,,,,,,,,,,,,,,,,,,,,,,,,,,,,,2,,,,,,,,,,,,,,,,,,,,,,,,,,,,,,,,,,,,,,,,,,,,,,,,,,,,,,,,,,4,,,,,,,,,,18994,18,76,Nidalee,0,5,1,6746,49982,6746,24873,0,5,1,2,3,True,2,12,False,False,False,False,False,False,37,16380,14365,0,JUNGLE,1,1,1,4645,3157,3100,3135,1082,3020,3364,17,2,11,JUNGLE,0,7,2,716,260398,24584,12562,0,206,0,0,1,0,0,144,7,0,24583,1074,27277,0,0,0,NONE,318
2,5,12,0,0,1,,,,,,,,,,,,,,,,,,,,,,,,,,,,,,,,,,,,,,,,,,,,,,0,,,,,,,,,,,,,,,,,,,,,,,,,,,,,,,,,,,,,,,,,,,,,,,,,,,,,,,,,,4,,,,,,,,,,17016,17,8,Vladimir,0,10,2,3119,6480,3119,25604,0,7,0,0,0,True,20,0,False,False,False,False,False,False,1,12786,10850,0,MIDDLE,0,0,1,4633,6653,1082,3135,3158,0,3340,18,0,4,MIDDLE,0,0,1,458,173709,26913,26137,0,8,0,0,0,0,0,5,8,0,13215,292,19998,0,0,0,SOLO,272
0,0,11,0,0,3,,,,,,,,,,,,,,,,,,,,,,,,,,,,,,,,,,,,,,,,,,,,,,3,,,,,,,,,,,,,,,,,,,,,,,,,,,,,,,,,,,,,,,,,,,,,,,,,,,,,,,,,,3,,,,,,,,,,17948,17,901,Smolder,0,5,5,4485,18192,4485,11094,0,4,1,2,1,True,0,0,False,False,False,False,False,False,0,17314,15660,0,BOTTOM,0,1,1,2420,3508,3094,6675,3158,3036,3363,28,3,13,BOTTOM,561,6,2,1116,19036,4426,6596,0,12,1,0,1,0,0,1,9,0,217206,25250,13057,0,0,0,CARRY,198
0,3,22,0,0,1,,,,,,,,,,,,,,,,,,,,,,,,,,,,,,,,,,,,,,,,,,,,,,0,,,,,,,,,,,,,,,,,,,,,,,,,,,,,,,,,,,,,,,,,,,,,,,,,,,,,,,,,,5,,,,,,,,,,13980,15,432,Bard,0,6,7,1699,5224,1699,19504,0,3,4,0,0,True,0,0,False,False,False,False,False,False,5,11293,10450,0,UTILITY,1,2,1,3869,3158,3002,3110,6653,3067,3364,26,0,3,BOTTOM,0,0,1,846,31736,9272,12700,0,0,0,0,1,0,0,9,10,0,7602,2672,10310,0,0,0,SUPPORT,82
0,0,0,0,0,0,,,,,,,,,,,,,,,,,,,,,,,,,,,,,,,,,,,,,,,,,,,,,,0,,,,,,,,,,,,,,,,,,,,,,,,,,,,,,,,,,,,,,,,,,,,,,,,,,,,,,,,,,0,,,,,,,,,,7253,10,126,Jayce,0,1,1,1278,2102,1278,11090,0,8,0,0,0,True,9,0,False,False,False,False,False,False,0,5312,5150,0,TOP,0,0,2,1001,6610,1036,3070,1036,0,3340,14,0,0,JUNGLE,122,0,0,419,7961,2849,4594,0,2,0,1,0,0,0,0,1,0,59628,5034,15217,0,0,0,NONE,74
0,15,4,0,0,0,,,,,,,,,,,,,,,,,,,,,,,,,,,,,,,,,,,,,,,,,,,,,,0,,,,,,,,,,,,,,,,,,,,,,,,,,,,,,,,,,,,,,,,,,,,,,,,,,,,,,,,,,0,,,,,,,,,,6754,10,76,Nidalee,0,0,1,0,5631,0,9146,0,7,1,0,0,True,18,9,False,False,False,False,False,False,13,7474,6775,0,JUNGLE,0,0,2,1101,3100,3020,3145,1058,0,3364,10,0,2,JUNGLE,0,0,1,326,73815,9116,10380,0,81,0,1,0,0,0,68,2,0,14050,1662,12810,0,0,0,NONE,195
0,0,2,0,0,0,,,,,,,,,,,,,,,,,,,,,,,,,,,,,,,,,,,,,,,,,,,,,,1,,,,,,,,,,,,,,,,,,,,,,,,,,,,,,,,,,,,,,,,,,,,,,,,,,,,,,,,,,0,,,,,,,,,,8578,11,245,Ekko,0,1,2,533,533,533,14243,0,7,0,0,0,True,6,0,False,False,False,False,False,False,0,7995,7850,0,MIDDLE,0,0,2,1056,3115,3100,3020,0,0,3340,19,1,4,MIDDLE,0,2,1,387,70473,13788,9091,0,4,0,1,0,0,0,3,3,0,14480,2620,12076,0,0,0,SOLO,68
0,9,3,0,0,0,,,,,,,,,,,,,,,,,,,,,,,,,,,,,,,,,,,,,,,,,,,,,,2,,,,,,,,,,,,,,,,,,,,,,,,,,,,,,,,,,,,,,,,,,,,,,,,,,,,,,,,,,1,,,,,,,,,,6262,10,221,Zeri,0,1,1,1786,5751,1786,14725,0,7,0,2,0,True,3,0,False,False,False,False,False,False,0,8922,8933,0,BOTTOM,0,0,2,2015,3748,3006,3078,0,0,3364,18,2,5,BOTTOM,367,2,2,321,15947,4370,6017,0,2,0,1,0,0,0,4,4,0,73829,11427,17110,0,0,0,CARRY,484
0,7,8,0,0,0,,,,,,,,,,,,,,,,,,,,,,,,,,,,,,,,,,,,,,,,,,,,,,0,,,,,,,,,,,,,,,,,,,,,,,,,,,,,,,,,,,,,,,,,,,,,,,,,,,,,,,,,,0,,,,,,,,,,6028,9,350,Yuumi,0,3,1,0,67,0,1622,0,2,1,0,0,True,2,0,False,False,False,False,False,False,4,6189,6025,0,UTILITY,0,0,2,3870,3222,6617,3114,2022,0,3364,16,0,2,BOTTOM,0,0,1,1027,5934,4315,881,0,0,0,1,0,0,0,3,5,0,1116,83,2765,0,0,0,SUPPORT,55
0,1,8,0,0,1,,,,,,,,,,,,,,,,,,,,,,,,,,,,,,,,,,,,,,,,,,,,,,1,,,,,,,,,,,,,,,,,,,,,,,,,,,,,,,,,,,,,,,,,,,,,,,,,,,,,,,,,,5,,,,,,,,,,10714,13,150,Gnar,0,1,3,5041,5711,5041,13714,0,1,1,0,0,True,1,0,False,False,False,True,False,False,0,10555,9208,0,TOP,0,1,0,3053,3047,3078,3076,1054,1028,3340,15,1,6,TOP,0,5,1,1143,5585,2287,9397,1,0,1,0,1,0,0,9,6,0,88055,15573,10692,0,0,0,CARRY,103
0,1,6,0,0,2,,,,,,,,,,,,,,,,,,,,,,,,,,,,,,,,,,,,,,,,,,,,,,1,,,,,,,,,,,,,,,,,,,,,,,,,,,,,,,,,,,,,,,,,,,,,,,,,,,,,,,,,,4,,,,,,,,,,8965,12,200,Belveth,0,13,3,5838,35289,5838,14764,0,3,3,0,2,True,3,6,False,False,False,False,False,False,0,8020,5625,0,JUNGLE,0,1,0,0,1055,6672,3047,1043,0,3364,17,1,2,JUNGLE,439,2,1,197,5395,1083,6569,0,105,0,0,1,0,0,12,7,0,101891,7170,14154,0,0,0,NONE,233
0,2,4,0,0,12,,,,,,,,,,,,,,,,,,,,,,,,,,,,,,,,,,,,,,,,,,,,,,2,,,,,,,,,,,,,,,,,,,,,,,,,,,,,,,,,,,,,,,,,,,,,,,,,,,,,,,,,,6,,,,,,,,,,11183,13,131,Diana,0,4,4,12108,18385,12108,12092,0,2,2,0,0,True,13,0,False,True,False,False,False,False,9,11936,9200,0,MIDDLE,1,2,0,3102,3100,1058,3020,0,0,3364,16,2,15,TOP,0,12,1,285,112805,18653,6379,0,16,0,0,1,0,0,23,8,0,14373,3008,5015,0,0,0,SUPPORT,85
0,0,8,0,0,3,,,,,,,,,,,,,,,,,,,,,,,,,,,,,,,,,,,,,,,,,,,,,,2,,,,,,,,,,,,,,,,,,,,,,,,,,,,,,,,,,,,,,,,,,,,,,,,,,,,,,,,,,2,,,,,,,,,,9784,12,22,Ashe,0,4,1,2738,16929,2738,5319,0,3,0,1,0,True,4,6,False,False,False,False,False,False,10,10394,7550,0,BOTTOM,0,1,0,3006,0,0,6672,3046,1055,3340,13,2,7,BOTTOM,295,3,2,477,1107,1007,6685,0,4,0,0,1,0,0,5,9,0,100382,17686,5931,1,0,0,CARRY,30
0,6,12,0,0,1,,,,,,,,,,,,,,,,,,,,,,,,,,,,,,,,,,,,,,,,,,,,,,0,,,,,,,,,,,,,,,,,,,,,,,,,,,,,,,,,,,,,,,,,,,,,,,,,,,,,,,,,,4,,,,,,,,,,6372,10,40,Janna,0,26,5,2147,5596,2147,4692,0,4,4,0,1,True,0,0,False,False,False,False,False,False,21,6342,5150,0,UTILITY,1,2,0,3871,3009,3113,4005,1082,0,3364,16,0,1,BOTTOM,0,0,1,465,16024,4963,5902,0,4,0,0,1,0,0,0,10,0,4349,652,5384,0,0,0,SUPPORT,48
0,2,12,0,0,0,,,,,,,,,,,,,,,,,,,,,,,,,,,,,,,,,,,,,,,,,,,,,,2,,,,,,,,,,,,,,,,,,,,,,,,,,,,,,,,,,,,,,,,,,,,,,,,,,,,,,,,,,1,,,,,,,,,,17246,17,79,Gragas,0,14,2,2951,7155,2951,20194,0,6,0,0,1,True,5,1,False,False,False,False,False,True,0,12881,12800,0,TOP,0,0,3,3020,3100,3157,1058,4645,1052,3340,22,2,5,TOP,0,3,1,368,154871,28112,8855,0,6,0,1,0,1,0,4,1,0,21538,2660,18697,0,0,0,SOLO,224
4,8,5,0,0,0,,,,,,,,,,,,,,,,,,,,,,,,,,,,,,,,,,,,,,,,,,,,,,3,,,,,,,,,,,,,,,,,,,,,,,,,,,,,,,,,,,,,,,,,,,,,,,,,,,,,,,,,,0,,,,,,,,,,13020,15,141,Kayn,2,0,4,0,35304,0,20099,0,13,2,1,1,True,16,3,False,False,False,False,False,True,4,12422,11250,0,JUNGLE,0,0,3,6694,6696,3158,0,0,6698,3363,22,3,9,JUNGLE,0,3,2,313,4117,4117,11134,0,118,0,1,0,0,0,34,2,0,203327,26357,27040,0,0,0,NONE,158
1,4,2,0,0,0,,,,,,,,,,,,,,,,,,,,,,,,,,,,,,,,,,,,,,,,,,,,,,3,,,,,,,,,,,,,,,,,,,,,,,,,,,,,,,,,,,,,,,,,,,,,,,,,,,,,,,,,,0,,,,,,,,,,12278,14,84,Akali,0,6,3,0,54,0,15899,0,12,1,2,0,True,6,0,False,False,False,False,False,True,6,12439,12150,0,MIDDLE,0,0,3,3100,3020,3157,4645,1033,1052,3364,24,3,10,MIDDLE,0,2,2,388,91999,20470,11629,0,0,0,1,0,0,0,1,3,0,13191,1367,20821,0,0,0,SOLO,120
0,2,5,0,0,0,,,,,,,,,,,,,,,,,,,,,,,,,,,,,,,,,,,,,,,,,,,,,,1,,,,,,,,,,,,,,,,,,,,,,,,,,,,,,,,,,,,,,,,,,,,,,,,,,,,,,,,,,0,,,,,,,,,,12154,14,235,Senna,0,1,4,2108,3699,2108,9542,0,12,2,1,0,True,14,2,False,False,False,False,False,True,3,10792,11475,0,BOTTOM,0,0,3,6676,3009,3094,2055,1036,3142,3363,23,1,5,BOTTOM,487,2,2,284,501,232,5933,0,0,0,1,0,0,0,4,4,0,92834,19874,16852,0,0,0,CARRY,63
1,5,8,0,0,0,,,,,,,,,,,,,,,,,,,,,,,,,,,,,,,,,,,,,,,,,,,,,,0,,,,,,,,,,,,,,,,,,,,,,,,,,,,,,,,,,,,,,,,,,,,,,,,,,,,,,,,,,0,,,,,,,,,,10264,13,497,Rakan,0,6,3,798,2164,798,26033,0,11,1,0,0,True,8,6,False,False,False,False,False,True,0,7171,6525,0,UTILITY,0,0,3,3869,3110,3158,1033,3050,0,3364,19,0,1,BOTTOM,0,0,1,311,12983,4239,7615,0,0,0,1,0,0,0,25,5,0,4941,622,14896,4,0,0,SUPPORT,43
0,2,7,0,0,0,,,,,,,,,,,,,,,,,,,,,,,,,,,,,,,,,,,,,,,,,,,,,,1,,,,,,,,,,,,,,,,,,,,,,,,,,,,,,,,,,,,,,,,,,,,,,,,,,,,,,,,,,0,,,,,,,,,,14131,15,950,Naafiri,0,9,3,2040,3034,2040,18670,0,8,0,0,0,True,4,0,False,False,False,False,False,True,0,11591,11437,0,TOP,0,0,0,1055,6692,6698,3158,3156,2020,3340,24,1,4,TOP,0,3,1,328,0,0,12112,0,20,0,0,0,0,0,0,6,0,125012,18920,14857,0,0,0,SOLO,167
1,10,13,0,0,1,,,,,,,,,,,,,,,,,,,,,,,,,,,,,,,,,,,,,,,,,,,,,,3,,,,,,,,,,,,,,,,,,,,,,,,,,,,,,,,,,,,,,,,,,,,,,,,,,,,,,,,,,3,,,,,,,,,,15643,16,76,Nidalee,0,9,0,6165,28882,6165,14737,0,6,0,1,2,True,4,8,False,False,False,False,False,True,13,15559,13900,0,JUNGLE,1,3,0,3089,3100,3020,3041,4645,1058,3364,13,3,19,JUNGLE,0,8,2,500,163998,38468,12043,1,118,0,0,1,0,0,117,7,0,16491,2573,22661,1,0,0,NONE,246
0,0,11,0,0,2,,,,,,,,,,,,,,,,,,,,,,,,,,,,,,,,,,,,,,,,,,,,,,4,,,,,,,,,,,,,,,,,,,,,,,,,,,,,,,,,,,,,,,,,,,,,,,,,,,,,,,,,,3,,,,,,,,,,16630,17,901,Smolder,0,7,1,6520,11773,6520,11066,0,4,0,1,0,True,7,1,False,False,False,True,False,True,0,15340,12458,0,MIDDLE,0,1,0,3748,3158,3042,3078,3133,1037,3363,20,4,10,MIDDLE,0,3,2,581,20010,5872,13919,0,32,0,0,1,0,0,1,8,0,198266,21848,17203,0,0,0,CARRY,230
0,7,10,0,0,0,,,,,,,,,,,,,,,,,,,,,,,,,,,,,,,,,,,,,,,,,,,,,,3,,,,,,,,,,,,,,,,,,,,,,,,,,,,,,,,,,,,,,,,,,,,,,,,,,,,,,,,,,4,,,,,,,,,,14686,15,122,Darius,0,8,1,11791,22174,11791,37538,0,5,0,3,0,True,2,0,False,False,False,False,False,True,0,15259,14183,0,BOTTOM,2,2,0,4401,3078,3742,3047,3053,1028,3364,21,3,10,BOTTOM,0,4,2,499,0,0,13283,0,4,1,0,1,0,0,6,9,0,152396,17721,20815,0,0,0,SOLO,78
0,11,15,0,0,1,,,,,,,,,,,,,,,,,,,,,,,,,,,,,,,,,,,,,,,,,,,,,,2,,,,,,,,,,,,,,,,,,,,,,,,,,,,,,,,,,,,,,,,,,,,,,,,,,,,,,,,,,1,,,,,,,,,,11866,14,555,Pyke,0,11,2,528,1390,528,12421,0,7,0,0,0,True,0,0,False,True,False,False,False,True,0,11357,10600,0,UTILITY,0,0,0,3009,3869,3142,3814,3179,2019,3364,20,2,11,MIDDLE,0,5,1,716,0,0,9392,1,0,0,0,0,0,0,9,10,0,27657,15993,15580,0,0,0,SUPPORT,61
0,1,3,0,0,1,,,,,,,,,,,,,,,,,,,,,,,,,,,,,,,,,,,,,,,,,,,,,,1,,,,,,,,,,,,,,,,,,,,,,,,,,,,,,,,,,,,,,,,,,,,,,,,,,,,,,,,,,4,,,,,,,,,,13625,15,48,Trundle,0,5,5,9372,10780,9372,17661,0,3,1,1,0,True,3,3,False,False,False,False,False,False,1,10647,10058,0,TOP,0,0,0,3111,3074,3211,0,1055,3078,3340,22,1,7,TOP,0,5,2,680,1725,1725,12642,0,2,0,0,1,0,0,8,1,0,103245,14439,11826,0,0,0,SOLO,114
0,8,6,1,0,3,,,,,,,,,,,,,,,,,,,,,,,,,,,,,,,,,,,,,,,,,,,,,,2,,,,,,,,,,,,,,,,,,,,,,,,,,,,,,,,,,,,,,,,,,,,,,,,,,,,,,,,,,3,,,,,,,,,,13556,15,76,Nidalee,0,0,1,3660,38106,3660,16345,0,2,1,1,1,True,5,7,False,False,False,False,False,False,9,12039,9575,0,JUNGLE,0,1,0,3020,2420,4645,3100,1082,0,3364,13,2,10,JUNGLE,0,6,2,612,144661,16026,7993,0,170,1,0,1,0,0,75,2,0,20593,1603,19685,2,0,0,NONE,263
2,2,8,0,0,3,,,,,,,,,,,,,,,,,,,,,,,,,,,,,,,,,,,,,,,,,,,,,,2,,,,,,,,,,,,,,,,,,,,,,,,,,,,,,,,,,,,,,,,,,,,,,,,,,,,,,,,,,3,,,,,,,,,,13529,15,112,Viktor,0,1,6,6789,11662,6789,9686,0,1,3,0,0,True,9,3,False,True,False,True,False,False,0,11234,9750,0,MIDDLE,1,1,0,2420,2055,3020,6655,4645,0,3340,18,2,5,MIDDLE,0,3,1,951,124466,19921,4668,2,4,0,0,0,0,0,2,3,0,10865,345,5372,0,0,0,SOLO,68
0,1,12,0,0,0,,,,,,,,,,,,,,,,,,,,,,,,,,,,,,,,,,,,,,,,,,,,,,1,,,,,,,,,,,,,,,,,,,,,,,,,,,,,,,,,,,,,,,,,,,,,,,,,,,,,,,,,,1,,,,,,,,,,11275,13,235,Senna,0,5,6,1147,11221,1147,6341,0,1,4,0,0,True,12,2,False,False,False,False,False,False,0,9493,8975,0,BOTTOM,0,1,0,1055,3142,3009,6701,3086,2015,3363,22,1,3,BOTTOM,456,3,1,1377,0,0,4966,0,0,0,0,0,0,0,2,4,0,74039,14765,7495,1,0,0,CARRY,62
0,1,14,0,0,2,,,,,,,,,,,,,,,,,,,,,,,,,,,,,,,,,,,,,,,,,,,,,,2,,,,,,,,,,,,,,,,,,,,,,,,,,,,,,,,,,,,,,,,,,,,,,,,,,,,,,,,,,2,,,,,,,,,,8712,12,43,Karma,0,0,4,3786,9263,3786,8685,0,3,1,0,0,True,2,0,False,False,False,False,False,False,1,8219,6450,0,UTILITY,0,1,0,3871,2065,2055,3158,3118,0,3364,17,2,5,BOTTOM,0,3,1,582,19013,9944,5835,0,0,0,0,1,0,0,0,5,0,4730,625,8615,0,0,0,SUPPORT,51
0,2,2,0,0,0,,,,,,,,,,,,,,,,,,,,,,,,,,,,,,,,,,,,,,,,,,,,,,0,,,,,,,,,,,,,,,,,,,,,,,,,,,,,,,,,,,,,,,,,,,,,,,,,,,,,,,,,,1,,,,,,,,,,11831,14,30,Karthus,0,0,2,2291,3655,2291,4668,0,4,0,0,0,True,2,0,False,False,False,False,False,False,0,10615,10550,0,TOP,0,0,1,4645,3118,3020,1082,6653,0,3340,13,0,3,TOP,0,0,1,599,106293,24240,5710,0,5,0,1,0,0,0,2,6,0,4391,267,7471,0,0,0,SOLO,236
0,12,3,0,0,0,,,,,,,,,,,,,,,,,,,,,,,,,,,,,,,,,,,,,,,,,,,,,,0,,,,,,,,,,,,,,,,,,,,,,,,,,,,,,,,,,,,,,,,,,,,,,,,,,,,,,,,,,0,,,,,,,,,,8558,11,59,JarvanIV,0,0,4,0,11036,0,20121,0,5,2,0,1,True,7,1,False,False,False,False,False,False,0,6954,6500,0,JUNGLE,0,0,1,2021,6610,1033,3111,1036,0,3340,17,0,1,JUNGLE,158,0,1,353,6944,337,11963,0,103,0,1,0,0,0,24,7,0,74217,6307,14516,0,0,0,NONE,78
0,0,2,0,0,0,,,,,,,,,,,,,,,,,,,,,,,,,,,,,,,,,,,,,,,,,,,,,,0,,,,,,,,,,,,,,,,,,,,,,,,,,,,,,,,,,,,,,,,,,,,,,,,,,,,,,,,,,0,,,,,,,,,,9839,12,950,Naafiri,0,1,2,435,435,435,11259,0,9,1,0,0,True,5,1,False,False,False,False,False,False,0,8012,7800,0,MIDDLE,0,0,1,6692,6698,2055,1036,1033,3158,3340,19,0,2,MIDDLE,0,0,1,521,0,0,15776,0,0,0,1,0,0,0,1,8,0,67487,7539,5097,0,0,0,SOLO,93
0,0,2,0,0,0,,,,,,,,,,,,,,,,,,,,,,,,,,,,,,,,,,,,,,,,,,,,,,0,,,,,,,,,,,,,,,,,,,,,,,,,,,,,,,,,,,,,,,,,,,,,,,,,,,,,,,,,,1,,,,,,,,,,8861,12,222,Jinx,0,5,8,3470,5384,3470,5616,0,7,5,0,1,True,1,0,False,False,False,False,False,False,2,8525,8425,0,BOTTOM,0,0,1,1055,6672,3006,3094,1036,0,3363,25,0,1,BOTTOM,389,0,1,492,900,418,7029,0,8,0,1,0,0,0,0,9,0,112307,11146,8804,3,0,0,CARRY,118
0,0,4,0,0,0,,,,,,,,,,,,,,,,,,,,,,,,,,,,,,,,,,,,,,,,,,,,,,1,,,,,,,,,,,,,,,,,,,,,,,,,,,,,,,,,,,,,,,,,,,,,,,,,,,,,,,,,,0,,,,,,,,,,7390,11,50,Swain,0,2,4,192,1529,192,10491,0,5,0,0,0,True,1,0,False,False,False,False,False,False,0,7130,6450,0,UTILITY,0,0,1,3871,3116,3111,3147,1026,0,3364,18,1,3,BOTTOM,0,2,1,770,22162,7270,9326,1,0,0,1,0,0,0,0,10,0,5417,1484,11617,0,0,0,SUPPORT,43
0,0,9,0,0,0,,,,,,,,,,,,,,,,,,,,,,,,,,,,,,,,,,,,,,,,,,,,,,2,,,,,,,,,,,,,,,,,,,,,,,,,,,,,,,,,,,,,,,,,,,,,,,,,,,,,,,,,,3,,,,,,,,,,20899,18,31,Chogath,0,0,1,5390,14071,5390,94290,0,7,0,0,0,True,7,0,False,False,False,False,False,False,0,14025,14000,0,TOP,0,1,2,2504,3047,3084,2502,6664,1057,3340,28,2,6,JUNGLE,0,2,1,1034,109432,11653,24861,0,6,0,1,0,0,0,0,1,0,39368,3445,34842,0,0,0,NONE,98
2,5,10,2,0,0,,,,,,,,,,,,,,,,,,,,,,,,,,,,,,,,,,,,,,,,,,,,,,4,,,,,,,,,,,,,,,,,,,,,,,,,,,,,,,,,,,,,,,,,,,,,,,,,,,,,,,,,,1,,,,,,,,,,24658,18,104,Graves,0,0,2,684,68252,684,40734,0,8,0,4,1,True,11,4,False,True,False,False,False,False,11,22987,24520,0,JUNGLE,1,1,2,3156,3142,3031,3036,3026,3072,3340,25,4,21,JUNGLE,853,9,2,533,4150,1125,16858,1,231,0,1,0,0,0,92,2,0,386451,55726,27982,0,0,0,NONE,132
0,0,11,0,0,0,,,,,,,,,,,,,,,,,,,,,,,,,,,,,,,,,,,,,,,,,,,,,,1,,,,,,,,,,,,,,,,,,,,,,,,,,,,,,,,,,,,,,,,,,,,,,,,,,,,,,,,,,3,,,,,,,,,,20800,18,69,Cassiopeia,0,4,2,5666,13207,5666,24395,0,11,0,0,0,True,1,0,False,False,False,False,False,False,0,13995,13050,0,MIDDLE,0,1,2,3040,6657,3116,4645,1058,1052,3340,27,1,4,MIDDLE,0,2,1,273,139665,23853,24984,0,4,0,1,0,0,0,8,3,0,7623,78,18582,0,0,0,SOLO,177
0,0,9,0,0,0,,,,,,,,,,,,,,,,,,,,,,,,,,,,,,,,,,,,,,,,,,,,,,1,,,,,,,,,,,,,,,,,,,,,,,,,,,,,,,,,,,,,,,,,,,,,,,,,,,,,,,,,,3,,,,,,,,,,17752,17,110,Varus,0,5,6,3088,16698,3088,9354,0,8,0,1,0,True,0,0,False,False,False,False,False,False,0,16000,15650,0,BOTTOM,0,1,2,3009,6701,3142,3814,3042,6694,3363,28,1,9,BOTTOM,0,7,2,909,16598,7040,12877,0,8,0,1,0,0,0,0,4,0,168736,29054,10693,0,0,0,CARRY,106
0,1,20,0,0,0,,,,,,,,,,,,,,,,,,,,,,,,,,,,,,,,,,,,,,,,,,,,,,0,,,,,,,,,,,,,,,,,,,,,,,,,,,,,,,,,,,,,,,,,,,,,,,,,,,,,,,,,,1,,,,,,,,,,15809,16,143,Zyra,0,0,8,739,4854,739,14080,0,15,6,0,0,True,17,15,False,False,False,False,False,False,5,12723,11450,0,UTILITY,0,0,2,3871,2421,6653,3116,3165,3020,3364,24,0,3,BOTTOM,0,0,1,358,71846,31129,22389,0,0,0,1,0,0,0,1,5,0,6425,1365,14920,0,0,0,SUPPORT,76
0,0,11,0,0,1,,,,,,,,,,,,,,,,,,,,,,,,,,,,,,,,,,,,,,,,,,,,,,2,,,,,,,,,,,,,,,,,,,,,,,,,,,,,,,,,,,,,,,,,,,,,,,,,,,,,,,,,,4,,,,,,,,,,19112,18,240,Kled,0,3,1,5449,5863,5449,36085,0,8,0,0,0,True,0,0,False,False,False,False,False,False,0,14604,14000,0,TOP,1,2,1,6698,6692,3111,3153,6610,0,3340,29,2,8,TOP,366,2,1,434,247,95,16588,1,20,1,0,1,0,0,9,6,0,175643,32035,27724,0,0,0,SOLO,95
0,0,26,0,0,0,,,,,,,,,,,,,,,,,,,,,,,,,,,,,,,,,,,,,,,,,,,,,,1,,,,,,,,,,,,,,,,,,,,,,,,,,,,,,,,,,,,,,,,,,,,,,,,,,,,,,,,,,2,,,,,,,,,,17926,17,79,Gragas,0,1,1,334,28973,334,100494,0,9,0,0,4,True,3,1,False,False,False,False,False,False,0,13790,12900,0,JUNGLE,0,1,1,3111,6664,6662,8020,3075,3067,3364,27,1,5,JUNGLE,37,2,1,758,105082,20775,19527,0,140,0,0,0,1,0,0,7,0,29902,4839,40421,0,0,0,NONE,260
1,16,12,0,0,5,,,,,,,,,,,,,,,,,,,,,,,,,,,,,,,,,,,,,,,,,,,,,,5,,,,,,,,,,,,,,,,,,,,,,,,,,,,,,,,,,,,,,,,,,,,,,,,,,,,,,,,,,5,,,,,,,,,,20058,18,103,Ahri,0,6,4,8983,11945,8983,18820,0,9,1,1,0,True,15,1,False,False,False,True,False,False,2,20811,19125,0,MIDDLE,0,1,1,3020,3118,3157,3100,3089,4645,3364,23,5,23,MIDDLE,0,7,4,779,144979,44585,17808,0,5,0,0,1,0,0,15,8,0,14666,2861,19653,0,1,0,SOLO,134
4,2,11,0,0,0,,,,,,,,,,,,,,,,,,,,,,,,,,,,,,,,,,,,,,,,,,,,,,3,,,,,,,,,,,,,,,,,,,,,,,,,,,,,,,,,,,,,,,,,,,,,,,,,,,,,,,,,,2,,,,,,,,,,18105,17,18,Tristana,0,3,1,3335,29758,3335,18439,0,12,0,0,1,True,1,4,False,False,False,False,False,False,0,16649,15200,0,BOTTOM,0,1,1,6672,6675,3006,3036,6673,1038,3340,24,3,10,BOTTOM,667,3,1,334,36215,2654,14309,0,39,0,0,0,0,0,1,9,0,231832,39836,27083,0,0,0,CARRY,60
0,0,23,0,0,0,,,,,,,,,,,,,,,,,,,,,,,,,,,,,,,,,,,,,,,,,,,,,,1,,,,,,,,,,,,,,,,,,,,,,,,,,,,,,,,,,,,,,,,,,,,,,,,,,,,,,,,,,4,,,,,,,,,,18677,18,99,Lux,0,0,5,5262,6794,5262,10325,0,5,3,0,0,True,5,6,False,False,False,False,False,False,0,14715,18965,0,UTILITY,1,2,1,3871,3145,3089,4646,4628,3020,3364,25,1,3,BOTTOM,0,2,1,864,129082,30664,9481,0,0,0,0,1,0,0,0,10,0,8480,1050,10795,0,0,0,SUPPORT,75
5,8,7,0,0,0,,,,,,,,,,,,,,,,,,,,,,,,,,,,,,,,,,,,,,,,,,,,,,2,,,,,,,,,,,,,,,,,,,,,,,,,,,,,,,,,,,,,,,,,,,,,,,,,,,,,,,,,,4,,,,,,,,,,22393,18,897,KSante,0,5,2,6962,8421,6962,72915,0,4,0,0,0,True,8,4,False,False,False,False,False,False,0,17192,18700,0,TOP,1,1,2,6665,3047,6662,3068,4401,2504,3340,25,2,6,JUNGLE,0,4,1,1183,28910,3942,16217,0,8,0,1,0,0,0,45,1,0,174433,21494,16418,0,0,0,NONE,293
0,0,5,2,0,0,,,,,,,,,,,,,,,,,,,,,,,,,,,,,,,,,,,,,,,,,,,,,,2,,,,,,,,,,,,,,,,,,,,,,,,,,,,,,,,,,,,,,,,,,,,,,,,,,,,,,,,,,3,,,,,,,,,,19744,18,5,XinZhao,0,1,2,2633,33334,2633,57049,0,11,2,1,2,True,1,0,False,False,False,False,False,False,0,17164,16800,0,JUNGLE,0,1,2,3748,3047,6610,3053,3091,3153,3340,23,2,11,JUNGLE,330,6,3,399,18232,2531,24258,1,169,0,1,0,0,0,11,2,0,219856,27443,40002,0,0,0,NONE,83
0,1,6,0,0,0,,,,,,,,,,,,,,,,,,,,,,,,,,,,,,,,,,,,,,,,,,,,,,3,,,,,,,,,,,,,,,,,,,,,,,,,,,,,,,,,,,,,,,,,,,,,,,,,,,,,,,,,,4,,,,,,,,,,23085,18,157,Yasuo,0,5,2,4689,11572,4689,47629,0,6,0,0,0,True,5,1,False,False,False,False,False,False,4,17551,17000,0,MIDDLE,0,1,2,6673,3006,3153,3031,6662,3091,3340,22,3,7,MIDDLE,680,3,1,569,16063,1485,13102,0,16,0,1,0,0,0,3,3,0,304007,21339,19810,0,0,0,SOLO,421
2,1,2,0,0,0,,,,,,,,,,,,,,,,,,,,,,,,,,,,,,,,,,,,,,,,,,,,,,1,,,,,,,,,,,,,,,,,,,,,,,,,,,,,,,,,,,,,,,,,,,,,,,,,,,,,,,,,,1,,,,,,,,,,15329,16,236,Lucian,0,13,1,3098,29915,3098,19496,0,11,0,0,1,True,4,1,False,False,True,False,False,False,0,14209,13400,0,BOTTOM,0,1,2,3036,6672,6675,3006,3156,0,3363,25,1,8,BOTTOM,563,4,1,502,11975,2312,14096,0,12,0,1,0,0,0,17,4,0,190453,25531,18126,0,0,0,CARRY,91
0,0,16,0,0,0,,,,,,,,,,,,,,,,,,,,,,,,,,,,,,,,,,,,,,,,,,,,,,0,,,,,,,,,,,,,,,,,,,,,,,,,,,,,,,,,,,,,,,,,,,,,,,,,,,,,,,,,,2,,,,,,,,,,14159,15,37,Sona,0,20,13,1213,3412,1213,18740,0,6,10,0,0,True,5,0,False,False,False,False,False,False,3,11069,10050,0,UTILITY,1,1,2,3870,3107,4638,3504,6617,3158,3364,30,0,1,BOTTOM,0,0,1,771,20112,7169,13598,0,0,0,1,0,0,0,15,5,0,9270,2198,16758,1,0,0,SUPPORT,70
0,4,10,1,0,2,,,,,,,,,,,,,,,,,,,,,,,,,,,,,,,,,,,,,,,,,,,,,,1,,,,,,,,,,,,,,,,,,,,,,,,,,,,,,,,,,,,,,,,,,,,,,,,,,,,,,,,,,4,,,,,,,,,,21571,18,10,Kayle,0,0,1,6854,21395,6854,22784,0,5,0,0,1,True,6,0,False,False,False,False,False,False,0,15663,13350,0,TOP,1,1,2,3089,3115,4645,3006,4630,1026,3363,22,1,3,MIDDLE,0,2,1,654,220829,13496,2990,0,22,0,0,1,0,0,3,6,0,54190,2886,19890,0,0,0,SOLO,96
3,7,14,0,0,4,,,,,,,,,,,,,,,,,,,,,,,,,,,,,,,,,,,,,,,,,,,,,,3,,,,,,,,,,,,,,,,,,,,,,,,,,,,,,,,,,,,,,,,,,,,,,,,,,,,,,,,,,4,,,,,,,,,,22191,18,104,Graves,0,4,1,4896,46142,4896,32664,0,9,1,1,1,True,3,12,False,False,False,False,False,False,5,19623,16825,0,JUNGLE,1,2,2,6676,3142,3036,3047,3072,3031,3364,20,3,13,JUNGLE,957,4,2,539,2297,1033,7300,0,192,0,0,0,0,0,84,7,0,350628,39225,31403,0,0,0,NONE,137
1,6,11,0,0,0,,,,,,,,,,,,,,,,,,,,,,,,,,,,,,,,,,,,,,,,,,,,,,3,,,,,,,,,,,,,,,,,,,,,,,,,,,,,,,,,,,,,,,,,,,,,,,,,,,,,,,,,,2,,,,,,,,,,22575,18,38,Kassadin,0,7,4,5197,18471,5197,40736,0,5,1,0,0,True,7,1,False,False,False,False,False,False,6,18437,18025,0,MIDDLE,0,0,2,3089,6657,3020,3157,3110,3040,3340,31,3,13,TOP,0,5,1,650,190541,37529,4031,1,8,0,0,0,0,0,15,8,0,20511,2373,32247,0,0,0,SOLO,101
0,11,10,0,0,2,,,,,,,,,,,,,,,,,,,,,,,,,,,,,,,,,,,,,,,,,,,,,,2,,,,,,,,,,,,,,,,,,,,,,,,,,,,,,,,,,,,,,,,,,,,,,,,,,,,,,,,,,6,,,,,,,,,,20356,18,81,Ezreal,0,9,2,11052,11707,11052,24925,0,11,1,3,0,True,0,15,False,True,False,False,False,False,0,17372,15875,0,BOTTOM,0,1,2,6694,3042,3508,3110,3158,6675,3363,26,2,7,BOTTOM,711,2,2,357,23716,8211,4920,0,6,0,0,1,0,0,3,9,0,254197,31151,24029,2,0,0,CARRY,410
0,0,24,0,0,0,,,,,,,,,,,,,,,,,,,,,,,,,,,,,,,,,,,,,,,,,,,,,,0,,,,,,,,,,,,,,,,,,,,,,,,,,,,,,,,,,,,,,,,,,,,,,,,,,,,,,,,,,1,,,,,,,,,,16852,17,3,Galio,0,1,5,265,2490,265,65721,0,4,3,0,0,True,5,23,False,False,False,False,False,False,2,11763,10625,0,UTILITY,0,1,2,3869,3143,3075,6660,3110,3047,3364,28,0,2,BOTTOM,45,0,1,846,44952,14030,1463,1,0,1,0,1,0,0,4,10,0,4092,753,21812,0,0,0,SUPPORT,48
1,5,4,0,0,0,,,,,,,,,,,,,,,,,,,,,,,,,,,,,,,,,,,,,,,,,,,,,,1,,,,,,,,,,,,,,,,,,,,,,,,,,,,,,,,,,,,,,,,,,,,,,,,,,,,,,,,,,1,,,,,,,,,,14729,16,41,Gangplank,0,11,0,2467,8282,2467,15965,0,14,0,0,0,True,30,67,False,False,False,False,False,False,4,13119,13150,0,TOP,0,0,2,6676,3508,3009,6675,1018,6695,3340,22,1,7,JUNGLE,1154,2,1,144,5666,2921,12015,1,8,0,1,0,0,0,0,1,0,184773,19471,15577,1,0,0,NONE,164
1,3,5,0,0,1,,,,,,,,,,,,,,,,,,,,,,,,,,,,,,,,,,,,,,,,,,,,,,1,,,,,,,,,,,,,,,,,,,,,,,,,,,,,,,,,,,,,,,,,,,,,,,,,,,,,,,,,,0,,,,,,,,,,10313,13,76,Nidalee,0,0,0,0,6359,0,14925,0,7,0,1,0,True,12,10,False,False,False,False,False,False,20,10413,9150,0,JUNGLE,0,0,2,1058,3100,3020,1082,4645,0,3340,14,1,5,JUNGLE,0,2,2,747,108932,14953,8602,0,104,0,1,0,0,0,57,2,0,15362,1118,19606,0,0,0,NONE,197
0,2,2,0,0,0,,,,,,,,,,,,,,,,,,,,,,,,,,,,,,,,,,,,,,,,,,,,,,1,,,,,,,,,,,,,,,,,,,,,,,,,,,,,,,,,,,,,,,,,,,,,,,,,,,,,,,,,,1,,,,,,,,,,13300,15,268,Azir,0,3,3,1054,1054,1054,18719,0,5,1,1,0,True,8,1,False,False,False,False,False,False,3,10897,10075,0,MIDDLE,0,0,2,3115,3040,1058,3020,1058,0,3363,18,1,4,MIDDLE,0,3,2,479,122780,19138,6576,0,0,0,1,0,0,0,2,3,0,6949,424,14971,2,0,0,SOLO,49
0,0,2,0,0,0,,,,,,,,,,,,,,,,,,,,,,,,,,,,,,,,,,,,,,,,,,,,,,0,,,,,,,,,,,,,,,,,,,,,,,,,,,,,,,,,,,,,,,,,,,,,,,,,,,,,,,,,,1,,,,,,,,,,10320,13,119,Draven,0,8,1,3738,4692,3738,11331,0,7,0,0,0,True,5,1,False,False,False,False,False,False,4,11063,10775,0,BOTTOM,0,0,2,6697,3072,3006,1037,1018,1038,3363,17,0,3,BOTTOM,921,0,1,547,320,320,3549,0,4,0,1,0,0,0,4,4,0,152214,13868,16134,3,0,0,CARRY,69
0,1,9,0,0,0,,,,,,,,,,,,,,,,,,,,,,,,,,,,,,,,,,,,,,,,,,,,,,0,,,,,,,,,,,,,,,,,,,,,,,,,,,,,,,,,,,,,,,,,,,,,,,,,,,,,,,,,,0,,,,,,,,,,9229,12,40,Janna,0,4,7,752,932,752,7751,0,4,3,0,0,True,0,0,False,False,False,False,False,False,0,7049,6600,0,UTILITY,0,0,2,3871,2065,2055,4005,3009,1082,3364,21,0,1,BOTTOM,0,0,1,419,23348,11794,4429,0,0,0,1,0,0,0,9,5,0,2920,916,8412,0,0,0,SUPPORT,86
2,1,6,0,0,0,,,,,,,,,,,,,,,,,,,,,,,,,,,,,,,,,,,,,,,,,,,,,,1,,,,,,,,,,,,,,,,,,,,,,,,,,,,,,,,,,,,,,,,,,,,,,,,,,,,,,,,,,5,,,,,,,,,,13412,15,79,Gragas,0,6,3,8663,12227,8663,21258,0,7,0,0,0,True,0,0,False,True,False,True,False,False,9,12432,12315,0,TOP,1,2,0,3157,3145,3100,3158,3040,0,3340,26,1,6,TOP,0,3,1,390,113955,18333,7363,0,2,0,0,0,0,0,13,6,0,12249,1654,16363,1,0,0,SOLO,206
0,0,8,0,0,0,,,,,,,,,,,,,,,,,,,,,,,,,,,,,,,,,,,,,,,,,,,,,,2,,,,,,,,,,,,,,,,,,,,,,,,,,,,,,,,,,,,,,,,,,,,,,,,,,,,,,,,,,3,,,,,,,,,,14465,15,120,Hecarim,0,9,3,4454,69051,4454,25687,0,6,3,0,3,True,8,0,False,False,False,False,False,False,4,12464,11075,0,JUNGLE,0,1,0,6701,3158,6698,3161,1028,0,3364,21,2,7,JUNGLE,0,3,1,415,13129,2002,11094,0,173,0,0,1,0,0,27,7,0,210848,12123,28494,0,0,0,NONE,369
0,3,2,1,0,14,,,,,,,,,,,,,,,,,,,,,,,,,,,,,,,,,,,,,,,,,,,,,,1,,,,,,,,,,,,,,,,,,,,,,,,,,,,,,,,,,,,,,,,,,,,,,,,,,,,,,,,,,5,,,,,,,,,,17929,17,777,Yone,0,8,3,8958,26953,8958,22310,0,0,2,2,1,True,1,1,False,False,False,False,False,False,4,16379,14580,0,MIDDLE,1,2,0,6673,3031,3026,3006,6672,0,3340,23,1,14,MIDDLE,785,14,2,0,26114,5057,11521,0,24,0,0,1,0,0,12,8,0,168209,20602,11425,1,0,0,SOLO,253
0,16,6,0,0,2,,,,,,,,,,,,,,,,,,,,,,,,,,,,,,,,,,,,,,,,,,,,,,2,,,,,,,,,,,,,,,,,,,,,,,,,,,,,,,,,,,,,,,,,,,,,,,,,,,,,,,,,,3,,,,,,,,,,14314,15,51,Caitlyn,0,8,3,5725,7453,5725,5317,0,2,0,2,0,True,8,1,False,False,False,False,False,False,0,13365,12275,0,BOTTOM,0,1,0,3006,3095,3031,3035,3094,0,3363,18,2,8,BOTTOM,1467,6,3,712,3840,1374,8377,1,11,1,0,1,0,0,3,9,0,172015,18322,4989,1,0,0,CARRY,57
0,7,6,0,0,1,,,,,,,,,,,,,,,,,,,,,,,,,,,,,,,,,,,,,,,,,,,,,,0,,,,,,,,,,,,,,,,,,,,,,,,,,,,,,,,,,,,,,,,,,,,,,,,,,,,,,,,,,4,,,,,,,,,,8846,12,53,Blitzcrank,0,27,3,4277,5216,4277,14748,0,5,1,0,0,True,4,0,False,False,False,False,False,False,12,7834,7075,0,UTILITY,0,1,0,3117,3002,3869,3075,1029,0,3364,18,0,2,BOTTOM,3,0,1,712,11233,5411,13891,0,0,0,0,1,0,0,9,10,0,6851,1450,6044,0,0,0,SUPPORT,29
